latitude,longitude,datetime,temp,precip,precipprob,precipcover,preciptype,windspeed,winddir,sunrise,sunset
7.157,81.224,2019-01-01,22.8,0.38,100,4.17,rain,13,358,2019-01-01T06:17:01,2019-01-01T17:59:52
7.157,81.224,2019-01-02,22.6,0.368,100,4.17,rain,11.5,340.2,2019-01-02T06:17:27,2019-01-02T18:00:23
7.157,81.224,2019-01-03,22,0.033,100,4.17,rain,11.9,334.1,2019-01-03T06:17:52,2019-01-03T18:00:54
7.157,81.224,2019-01-04,22,0.133,100,8.33,rain,11.5,336.5,2019-01-04T06:18:16,2019-01-04T18:01:25
7.157,81.224,2019-01-05,21.8,0.006,100,4.17,rain,12.6,339.1,2019-01-05T06:18:39,2019-01-05T18:01:56
7.157,81.224,2019-01-06,22.5,0.15,100,4.17,rain,9.4,345.7,2019-01-06T06:19:02,2019-01-06T18:02:27
7.157,81.224,2019-01-07,22.2,0.7,100,25,rain,8.6,339,2019-01-07T06:19:24,2019-01-07T18:02:57
7.157,81.224,2019-01-08,23,0.401,100,4.17,rain,13.3,350.7,2019-01-08T06:19:46,2019-01-08T18:03:27
7.157,81.224,2019-01-09,23.4,0.4,100,16.67,rain,11.9,344.2,2019-01-09T06:20:06,2019-01-09T18:03:57
7.157,81.224,2019-01-10,23,0.068,100,4.17,rain,11.2,2.7,2019-01-10T06:20:26,2019-01-10T18:04:27
7.157,81.224,2019-01-11,23.4,0.571,100,12.5,rain,11.9,357.8,2019-01-11T06:20:46,2019-01-11T18:04:56
7.157,81.224,2019-01-12,22.5,7.061,100,29.17,rain,7.2,334.2,2019-01-12T06:21:04,2019-01-12T18:05:25
7.157,81.224,2019-01-13,22.6,7.428,100,25,rain,8.3,358.6,2019-01-13T06:21:22,2019-01-13T18:05:54
7.157,81.224,2019-01-14,23,39.483,100,29.17,rain,6.8,0.4,2019-01-14T06:21:38,2019-01-14T18:06:22
7.157,81.224,2019-01-15,23.2,0.618,100,8.33,rain,10.8,1.4,2019-01-15T06:21:54,2019-01-15T18:06:49
7.157,81.224,2019-01-16,22.6,10.956,100,25,rain,13.3,353.5,2019-01-16T06:22:09,2019-01-16T18:07:17
7.157,81.224,2019-01-17,22.3,0.1,100,4.17,rain,13.3,347.2,2019-01-17T06:22:23,2019-01-17T18:07:44
7.157,81.224,2019-01-18,20.9,0,0,0,,11.5,343.8,2019-01-18T06:22:36,2019-01-18T18:08:10
7.157,81.224,2019-01-19,20.9,0,0,0,,10.1,333.8,2019-01-19T06:22:49,2019-01-19T18:08:36
7.157,81.224,2019-01-20,21.6,0.5,100,16.67,rain,11.9,339.1,2019-01-20T06:23:00,2019-01-20T18:09:01
7.157,81.224,2019-01-21,22,0.6,100,12.5,rain,9.4,351.2,2019-01-21T06:23:10,2019-01-21T18:09:26
7.157,81.224,2019-01-22,22.9,0.6,100,20.83,rain,10.1,349.3,2019-01-22T06:23:20,2019-01-22T18:09:50
7.157,81.224,2019-01-23,22.7,0.7,100,25,rain,11.5,345.3,2019-01-23T06:23:28,2019-01-23T18:10:13
7.157,81.224,2019-01-24,23.1,0.5,100,16.67,rain,9.4,351.4,2019-01-24T06:23:36,2019-01-24T18:10:36
7.157,81.224,2019-01-25,23.9,2.493,100,4.17,rain,7.6,19,2019-01-25T06:23:43,2019-01-25T18:10:59
7.157,81.224,2019-01-26,24,0.008,100,4.17,rain,7.9,1.2,2019-01-26T06:23:48,2019-01-26T18:11:21
7.157,81.224,2019-01-27,24.2,0.328,100,4.17,rain,9,5.7,2019-01-27T06:23:53,2019-01-27T18:11:42
7.157,81.224,2019-01-28,22.8,0.033,100,4.17,rain,10.8,348.5,2019-01-28T06:23:57,2019-01-28T18:12:02
7.157,81.224,2019-01-29,22.5,0.1,100,4.17,rain,11.2,349.7,2019-01-29T06:23:59,2019-01-29T18:12:22
7.157,81.224,2019-01-30,23.2,1.9,100,50,rain,13.7,347.1,2019-01-30T06:24:01,2019-01-30T18:12:41
7.157,81.224,2019-01-31,23.1,0.187,100,8.33,rain,11.9,11.1,2019-01-31T06:24:02,2019-01-31T18:13:00
7.157,81.224,2019-02-01,23.3,0.03,100,4.17,rain,10.4,8.9,2019-02-01T06:24:02,2019-02-01T18:13:17
7.157,81.224,2019-02-02,23.3,4.698,100,16.67,rain,10.1,351.8,2019-02-02T06:24:01,2019-02-02T18:13:34
7.157,81.224,2019-02-03,23.7,4.678,100,12.5,rain,9.2,16.3,2019-02-03T06:23:59,2019-02-03T18:13:51
7.157,81.224,2019-02-04,22.9,19.454,100,29.17,rain,6.5,50.9,2019-02-04T06:23:56,2019-02-04T18:14:07
7.157,81.224,2019-02-05,23,3.399,100,29.17,rain,6.8,357.7,2019-02-05T06:23:52,2019-02-05T18:14:22
7.157,81.224,2019-02-06,23.5,1.759,100,16.67,rain,10.4,10.4,2019-02-06T06:23:47,2019-02-06T18:14:36
7.157,81.224,2019-02-07,23.7,0.301,100,4.17,rain,9.3,22.5,2019-02-07T06:23:41,2019-02-07T18:14:50
7.157,81.224,2019-02-08,25.6,0.467,100,4.17,rain,6.5,84.7,2019-02-08T06:23:34,2019-02-08T18:15:02
7.157,81.224,2019-02-09,23.7,37.19,100,25,rain,7.7,94.6,2019-02-09T06:23:27,2019-02-09T18:15:15
7.157,81.224,2019-02-10,24.4,2.894,100,16.67,rain,8.8,17.8,2019-02-10T06:23:18,2019-02-10T18:15:26
7.157,81.224,2019-02-11,23.9,0.007,100,4.17,rain,19.8,20.4,2019-02-11T06:23:09,2019-02-11T18:15:37
7.157,81.224,2019-02-12,23.8,0.568,100,16.67,rain,24.1,35.1,2019-02-12T06:22:58,2019-02-12T18:15:47
7.157,81.224,2019-02-13,24.4,0.635,100,8.33,rain,21.4,17.4,2019-02-13T06:22:47,2019-02-13T18:15:57
7.157,81.224,2019-02-14,23.9,6.084,100,20.83,rain,16.1,25.4,2019-02-14T06:22:35,2019-02-14T18:16:06
7.157,81.224,2019-02-15,24.2,0.725,100,20.83,rain,7.2,15.4,2019-02-15T06:22:22,2019-02-15T18:16:14
7.157,81.224,2019-02-16,24.4,9.237,100,20.83,rain,6.1,64.4,2019-02-16T06:22:08,2019-02-16T18:16:21
7.157,81.224,2019-02-17,24.6,11.022,100,12.5,rain,6.5,23.1,2019-02-17T06:21:54,2019-02-17T18:16:28
7.157,81.224,2019-02-18,25.7,0.316,100,8.33,rain,6,117.2,2019-02-18T06:21:39,2019-02-18T18:16:34
7.157,81.224,2019-02-19,25.5,0.8,100,25,rain,7.9,98.7,2019-02-19T06:21:23,2019-02-19T18:16:40
7.157,81.224,2019-02-20,24,0.205,100,4.17,rain,15.1,60.8,2019-02-20T06:21:06,2019-02-20T18:16:45
7.157,81.224,2019-02-21,23.5,0.699,100,12.5,rain,13,357.5,2019-02-21T06:20:48,2019-02-21T18:16:50
7.157,81.224,2019-02-22,23.8,1.028,100,4.17,rain,11.5,15.7,2019-02-22T06:20:30,2019-02-22T18:16:53
7.157,81.224,2019-02-23,23,0,0,0,,9.4,27.6,2019-02-23T06:20:11,2019-02-23T18:16:57
7.157,81.224,2019-02-24,23.6,0,0,0,,9.3,51.4,2019-02-24T06:19:51,2019-02-24T18:16:59
7.157,81.224,2019-02-25,24.1,0.7,100,20.83,rain,9.4,73.8,2019-02-25T06:19:31,2019-02-25T18:17:02
7.157,81.224,2019-02-26,25,7.302,100,16.67,rain,8.3,57,2019-02-26T06:19:10,2019-02-26T18:17:03
7.157,81.224,2019-02-27,24.2,35.992,100,25,rain,7.6,56,2019-02-27T06:18:48,2019-02-27T18:17:04
7.157,81.224,2019-02-28,24.1,0.727,100,12.5,rain,8.6,12.5,2019-02-28T06:18:26,2019-02-28T18:17:05
7.157,81.224,2019-03-01,24.8,0.6,100,12.5,rain,8.3,51,2019-03-01T06:18:04,2019-03-01T18:17:05
7.157,81.224,2019-03-02,24.7,0.014,100,4.17,rain,9,20.3,2019-03-02T06:17:40,2019-03-02T18:17:05
7.157,81.224,2019-03-03,24.9,1.044,100,4.17,rain,9.4,14.8,2019-03-03T06:17:16,2019-03-03T18:17:04
7.157,81.224,2019-03-04,24.4,5.5,100,54.17,rain,8.6,58.5,2019-03-04T06:16:52,2019-03-04T18:17:03
7.157,81.224,2019-03-05,25.2,1.01,100,8.33,rain,8.2,120.5,2019-03-05T06:16:27,2019-03-05T18:17:01
7.157,81.224,2019-03-06,25.9,0.3,100,8.33,rain,5,68.1,2019-03-06T06:16:02,2019-03-06T18:16:59
7.157,81.224,2019-03-07,25.8,0,0,0,,7.2,137.3,2019-03-07T06:15:36,2019-03-07T18:16:57
7.157,81.224,2019-03-08,25.7,0.05,100,4.17,rain,7.7,119.6,2019-03-08T06:15:10,2019-03-08T18:16:54
7.157,81.224,2019-03-09,25.4,0.481,100,4.17,rain,8.7,65.5,2019-03-09T06:14:43,2019-03-09T18:16:51
7.157,81.224,2019-03-10,25.4,0.2,100,4.17,rain,7.4,68,2019-03-10T06:14:16,2019-03-10T18:16:47
7.157,81.224,2019-03-11,24.9,0.1,100,4.17,rain,9,23.5,2019-03-11T06:13:49,2019-03-11T18:16:44
7.157,81.224,2019-03-12,24.3,0,0,0,,7.9,23,2019-03-12T06:13:21,2019-03-12T18:16:39
7.157,81.224,2019-03-13,24.1,0.2,100,8.33,rain,9.9,34.5,2019-03-13T06:12:53,2019-03-13T18:16:35
7.157,81.224,2019-03-14,25.2,0,0,0,,9.1,3.2,2019-03-14T06:12:25,2019-03-14T18:16:31
7.157,81.224,2019-03-15,24.6,0,0,0,,9,64.8,2019-03-15T06:11:57,2019-03-15T18:16:26
7.157,81.224,2019-03-16,24.6,2.5,100,33.33,rain,10.4,35,2019-03-16T06:11:28,2019-03-16T18:16:21
7.157,81.224,2019-03-17,24.2,5.5,100,41.67,rain,9.4,77.3,2019-03-17T06:10:59,2019-03-17T18:16:15
7.157,81.224,2019-03-18,24.8,2.521,100,12.5,rain,8.3,107.9,2019-03-18T06:10:30,2019-03-18T18:16:10
7.157,81.224,2019-03-19,24.7,0.332,100,4.17,rain,8.3,64.9,2019-03-19T06:10:00,2019-03-19T18:16:04
7.157,81.224,2019-03-20,24.9,0,0,0,,7.6,120.7,2019-03-20T06:09:31,2019-03-20T18:15:59
7.157,81.224,2019-03-21,24.7,6.667,100,20.83,rain,15.8,133.1,2019-03-21T06:09:01,2019-03-21T18:15:53
7.157,81.224,2019-03-22,24.6,3.645,100,12.5,rain,6.8,107,2019-03-22T06:08:31,2019-03-22T18:15:47
7.157,81.224,2019-03-23,25.3,0.62,100,8.33,rain,6.8,86.2,2019-03-23T06:08:01,2019-03-23T18:15:41
7.157,81.224,2019-03-24,25.3,0,0,0,,8.6,87.9,2019-03-24T06:07:31,2019-03-24T18:15:35
7.157,81.224,2019-03-25,24.9,0,0,0,,11.7,72.1,2019-03-25T06:07:02,2019-03-25T18:15:29
7.157,81.224,2019-03-26,24.5,0,0,0,,8.3,79.7,2019-03-26T06:06:32,2019-03-26T18:15:22
7.157,81.224,2019-03-27,25,0,0,0,,10.8,66.8,2019-03-27T06:06:02,2019-03-27T18:15:16
7.157,81.224,2019-03-28,26.5,0,0,0,,7.3,10.8,2019-03-28T06:05:32,2019-03-28T18:15:10
7.157,81.224,2019-03-29,24.8,0,0,0,,8.3,124.4,2019-03-29T06:05:02,2019-03-29T18:15:04
7.157,81.224,2019-03-30,25,0,0,0,,7.6,81,2019-03-30T06:04:32,2019-03-30T18:14:58
7.157,81.224,2019-03-31,25.9,0,0,0,,8.3,86.3,2019-03-31T06:04:02,2019-03-31T18:14:51
7.157,81.224,2019-04-01,26.3,0,0,0,,6.6,80.8,2019-04-01T06:03:32,2019-04-01T18:14:45
7.157,81.224,2019-04-02,26.5,0,0,0,,7.3,97,2019-04-02T06:03:03,2019-04-02T18:14:39
7.157,81.224,2019-04-03,25.5,0,0,0,,9,121.7,2019-04-03T06:02:33,2019-04-03T18:14:34
7.157,81.224,2019-04-04,25.7,0,0,0,,6.5,120.7,2019-04-04T06:02:04,2019-04-04T18:14:28
7.157,81.224,2019-04-05,26.6,2.598,100,16.67,rain,7.3,69.3,2019-04-05T06:01:35,2019-04-05T18:14:22
7.157,81.224,2019-04-06,26.4,0,0,0,,7.2,48.4,2019-04-06T06:01:06,2019-04-06T18:14:17
7.157,81.224,2019-04-07,26.9,0,0,0,,7.6,113.5,2019-04-07T06:00:37,2019-04-07T18:14:12
7.157,81.224,2019-04-08,26.8,1.986,100,4.17,rain,7.9,138.5,2019-04-08T06:00:09,2019-04-08T18:14:06
7.157,81.224,2019-04-09,26.2,3.001,100,12.5,rain,7.9,48.6,2019-04-09T05:59:41,2019-04-09T18:14:02
7.157,81.224,2019-04-10,26.5,4.879,100,8.33,rain,6.5,61.6,2019-04-10T05:59:13,2019-04-10T18:13:57
7.157,81.224,2019-04-11,27,2.666,100,12.5,rain,6.8,72.2,2019-04-11T05:58:46,2019-04-11T18:13:52
7.157,81.224,2019-04-12,27.1,0,0,0,,6.9,103.7,2019-04-12T05:58:18,2019-04-12T18:13:48
7.157,81.224,2019-04-13,26.4,4.101,100,8.33,rain,7.2,125.7,2019-04-13T05:57:52,2019-04-13T18:13:44
7.157,81.224,2019-04-14,26.4,0.3,100,12.5,rain,8.6,126.4,2019-04-14T05:57:25,2019-04-14T18:13:41
7.157,81.224,2019-04-15,26.2,0.1,100,4.17,rain,9.5,111.8,2019-04-15T05:56:59,2019-04-15T18:13:37
7.157,81.224,2019-04-16,26.1,5.137,100,16.67,rain,9.5,110.2,2019-04-16T05:56:33,2019-04-16T18:13:34
7.157,81.224,2019-04-17,25.7,21.497,100,12.5,rain,6.1,132.5,2019-04-17T05:56:08,2019-04-17T18:13:31
7.157,81.224,2019-04-18,26.2,0.517,100,8.33,rain,10.4,108.2,2019-04-18T05:55:43,2019-04-18T18:13:29
7.157,81.224,2019-04-19,26.5,1.628,100,12.5,rain,6.4,144.1,2019-04-19T05:55:19,2019-04-19T18:13:27
7.157,81.224,2019-04-20,25.9,5.296,100,20.83,rain,8.6,111.7,2019-04-20T05:54:55,2019-04-20T18:13:25
7.157,81.224,2019-04-21,26.1,5.193,100,12.5,rain,6.5,355.8,2019-04-21T05:54:31,2019-04-21T18:13:24
7.157,81.224,2019-04-22,26.3,5.09,100,16.67,rain,6.8,43.6,2019-04-22T05:54:08,2019-04-22T18:13:22
7.157,81.224,2019-04-23,27.2,0.432,100,4.17,rain,7.9,18.4,2019-04-23T05:53:46,2019-04-23T18:13:22
7.157,81.224,2019-04-24,26.6,3.653,100,8.33,rain,8.3,23.8,2019-04-24T05:53:24,2019-04-24T18:13:21
7.157,81.224,2019-04-25,26.8,13.874,100,20.83,rain,7.9,58.1,2019-04-25T05:53:03,2019-04-25T18:13:21
7.157,81.224,2019-04-26,26,0.938,100,8.33,rain,7.6,97.5,2019-04-26T05:52:42,2019-04-26T18:13:22
7.157,81.224,2019-04-27,26.2,0.281,100,4.17,rain,5.8,152.8,2019-04-27T05:52:22,2019-04-27T18:13:23
7.157,81.224,2019-04-28,27.6,3.547,100,4.17,rain,7.9,14.9,2019-04-28T05:52:02,2019-04-28T18:13:24
7.157,81.224,2019-04-29,26.6,10.448,100,16.67,rain,5.4,207.9,2019-04-29T05:51:43,2019-04-29T18:13:26
7.157,81.224,2019-04-30,27,1.829,100,16.67,rain,10.4,274.6,2019-04-30T05:51:25,2019-04-30T18:13:28
7.157,81.224,2019-05-01,28.7,0.016,100,4.17,rain,11.2,252,2019-05-01T05:51:07,2019-05-01T18:13:30
7.157,81.224,2019-05-02,28.5,0.2,100,8.33,rain,6.6,241.4,2019-05-02T05:50:50,2019-05-02T18:13:33
7.157,81.224,2019-05-03,28.4,4.526,100,8.33,rain,5.4,220.3,2019-05-03T05:50:33,2019-05-03T18:13:37
7.157,81.224,2019-05-04,28.2,4.2,100,8.33,rain,8.1,269.6,2019-05-04T05:50:17,2019-05-04T18:13:40
7.157,81.224,2019-05-05,27.5,10.069,100,4.17,rain,5.4,126.2,2019-05-05T05:50:02,2019-05-05T18:13:45
7.157,81.224,2019-05-06,27.7,1.3,100,8.33,rain,6.3,136.3,2019-05-06T05:49:48,2019-05-06T18:13:49
7.157,81.224,2019-05-07,28,0.1,100,4.17,rain,5.9,255.4,2019-05-07T05:49:34,2019-05-07T18:13:55
7.157,81.224,2019-05-08,28.3,0,0,0,,5.9,290.5,2019-05-08T05:49:21,2019-05-08T18:14:00
7.157,81.224,2019-05-09,27.5,0,0,0,,7.6,339.4,2019-05-09T05:49:08,2019-05-09T18:14:06
7.157,81.224,2019-05-10,29.2,0,0,0,,6.2,79.6,2019-05-10T05:48:56,2019-05-10T18:14:13
7.157,81.224,2019-05-11,29.1,0,0,0,,7.1,351.2,2019-05-11T05:48:45,2019-05-11T18:14:19
7.157,81.224,2019-05-12,29.1,0.78,100,12.5,rain,6.9,346.9,2019-05-12T05:48:35,2019-05-12T18:14:27
7.157,81.224,2019-05-13,29.4,1.62,100,12.5,rain,9,37.4,2019-05-13T05:48:25,2019-05-13T18:14:34
7.157,81.224,2019-05-14,29.5,2.392,100,4.17,rain,9.1,344.9,2019-05-14T05:48:16,2019-05-14T18:14:43
7.157,81.224,2019-05-15,29.3,0.1,100,4.17,rain,8,354.7,2019-05-15T05:48:08,2019-05-15T18:14:51
7.157,81.224,2019-05-16,29.1,0,0,0,,9.7,17.7,2019-05-16T05:48:01,2019-05-16T18:15:00
7.157,81.224,2019-05-17,28.5,10.971,100,16.67,rain,7.9,57.1,2019-05-17T05:47:54,2019-05-17T18:15:09
7.157,81.224,2019-05-18,29,3.034,100,8.33,rain,6.1,58.8,2019-05-18T05:47:48,2019-05-18T18:15:19
7.157,81.224,2019-05-19,28.2,2.801,100,12.5,rain,8.6,81,2019-05-19T05:47:43,2019-05-19T18:15:29
7.157,81.224,2019-05-20,28.1,0.2,100,4.17,rain,10.1,75.6,2019-05-20T05:47:38,2019-05-20T18:15:40
7.157,81.224,2019-05-21,27.8,18.011,100,16.67,rain,9.5,110.7,2019-05-21T05:47:34,2019-05-21T18:15:51
7.157,81.224,2019-05-22,27.8,1.861,100,4.17,rain,8.6,163.1,2019-05-22T05:47:31,2019-05-22T18:16:02
7.157,81.224,2019-05-23,27,0.62,100,4.17,rain,9.7,184.3,2019-05-23T05:47:29,2019-05-23T18:16:14
7.157,81.224,2019-05-24,27,9.029,100,4.17,rain,5.8,273.4,2019-05-24T05:47:27,2019-05-24T18:16:25
7.157,81.224,2019-05-25,27,1.33,100,4.17,rain,5.9,182.5,2019-05-25T05:47:26,2019-05-25T18:16:38
7.157,81.224,2019-05-26,27.7,0.198,100,8.33,rain,6.4,298.4,2019-05-26T05:47:26,2019-05-26T18:16:50
7.157,81.224,2019-05-27,28.1,0.2,100,8.33,rain,5.1,267.3,2019-05-27T05:47:26,2019-05-27T18:17:03
7.157,81.224,2019-05-28,28.7,0.1,100,4.17,rain,7.9,97.5,2019-05-28T05:47:27,2019-05-28T18:17:16
7.157,81.224,2019-05-29,28.4,6.051,100,8.33,rain,12.2,173.8,2019-05-29T05:47:29,2019-05-29T18:17:29
7.157,81.224,2019-05-30,28.6,0.4,100,12.5,rain,7.2,123.9,2019-05-30T05:47:31,2019-05-30T18:17:43
7.157,81.224,2019-05-31,28.9,0.012,100,4.17,rain,9.4,200,2019-05-31T05:47:34,2019-05-31T18:17:56
7.157,81.224,2019-06-01,29,0,0,0,,11.4,292.2,2019-06-01T05:47:38,2019-06-01T18:18:10
7.157,81.224,2019-06-02,28.5,0,0,0,,10.2,270.5,2019-06-02T05:47:42,2019-06-02T18:18:24
7.157,81.224,2019-06-03,28.8,1.86,100,8.33,rain,10.1,340.7,2019-06-03T05:47:47,2019-06-03T18:18:39
7.157,81.224,2019-06-04,27.9,5.671,100,29.17,rain,6,319.9,2019-06-04T05:47:52,2019-06-04T18:18:53
7.157,81.224,2019-06-05,27.9,0.138,100,4.17,rain,7.5,358.5,2019-06-05T05:47:58,2019-06-05T18:19:08
7.157,81.224,2019-06-06,26.5,16.32,100,8.33,rain,5.3,66.6,2019-06-06T05:48:05,2019-06-06T18:19:22
7.157,81.224,2019-06-07,26.8,1.442,100,25,rain,6.9,72,2019-06-07T05:48:12,2019-06-07T18:19:37
7.157,81.224,2019-06-08,27.4,0.375,100,8.33,rain,7.7,254.1,2019-06-08T05:48:20,2019-06-08T18:19:52
7.157,81.224,2019-06-09,27.8,1.149,100,8.33,rain,10.1,190,2019-06-09T05:48:28,2019-06-09T18:20:06
7.157,81.224,2019-06-10,26.7,5.429,100,16.67,rain,11.1,213.5,2019-06-10T05:48:37,2019-06-10T18:20:21
7.157,81.224,2019-06-11,27.6,0.212,100,12.5,rain,11.9,283.2,2019-06-11T05:48:46,2019-06-11T18:20:36
7.157,81.224,2019-06-12,26.9,1.222,100,8.33,rain,15.1,289.1,2019-06-12T05:48:55,2019-06-12T18:20:50
7.157,81.224,2019-06-13,28.5,0.1,100,4.17,rain,11.9,274.5,2019-06-13T05:49:05,2019-06-13T18:21:05
7.157,81.224,2019-06-14,27.8,2.025,100,8.33,rain,6.4,228.3,2019-06-14T05:49:16,2019-06-14T18:21:20
7.157,81.224,2019-06-15,27.9,1.227,100,8.33,rain,7.9,297.4,2019-06-15T05:49:27,2019-06-15T18:21:34
7.157,81.224,2019-06-16,28.1,1.279,100,8.33,rain,5.8,223.9,2019-06-16T05:49:38,2019-06-16T18:21:48
7.157,81.224,2019-06-17,28.9,0.16,100,4.17,rain,8.3,293.9,2019-06-17T05:49:50,2019-06-17T18:22:02
7.157,81.224,2019-06-18,29.5,0,0,0,,11.5,282.2,2019-06-18T05:50:01,2019-06-18T18:22:16
7.157,81.224,2019-06-19,29.6,0,0,0,,11.9,280.3,2019-06-19T05:50:14,2019-06-19T18:22:30
7.157,81.224,2019-06-20,29.3,5.127,100,8.33,rain,16.2,282.3,2019-06-20T05:50:26,2019-06-20T18:22:44
7.157,81.224,2019-06-21,28.1,4.785,100,16.67,rain,14.4,291.1,2019-06-21T05:50:39,2019-06-21T18:22:57
7.157,81.224,2019-06-22,28.6,6.735,100,12.5,rain,17.3,282.1,2019-06-22T05:50:52,2019-06-22T18:23:10
7.157,81.224,2019-06-23,29,0.162,100,4.17,rain,14.8,282.2,2019-06-23T05:51:05,2019-06-23T18:23:22
7.157,81.224,2019-06-24,28.5,0.645,100,8.33,rain,13,269,2019-06-24T05:51:19,2019-06-24T18:23:35
7.157,81.224,2019-06-25,29,0.037,100,8.33,rain,10.1,267.4,2019-06-25T05:51:32,2019-06-25T18:23:47
7.157,81.224,2019-06-26,28.8,0.287,100,4.17,rain,7.5,303.6,2019-06-26T05:51:46,2019-06-26T18:23:58
7.157,81.224,2019-06-27,29.8,0,0,0,,12.2,304.2,2019-06-27T05:52:00,2019-06-27T18:24:09
7.157,81.224,2019-06-28,28.9,0,0,0,,12.2,287.1,2019-06-28T05:52:14,2019-06-28T18:24:20
7.157,81.224,2019-06-29,28.3,0,0,0,,10.8,284,2019-06-29T05:52:28,2019-06-29T18:24:31
7.157,81.224,2019-06-30,27.9,0,0,0,,16.6,286.6,2019-06-30T05:52:42,2019-06-30T18:24:40
7.157,81.224,2019-07-01,27.7,0,0,0,,13.7,265.9,2019-07-01T05:52:56,2019-07-01T18:24:50
7.157,81.224,2019-07-02,28.8,0,0,0,,9,247.9,2019-07-02T05:53:10,2019-07-02T18:24:59
7.157,81.224,2019-07-03,28.3,0,0,0,,9.4,218.8,2019-07-03T05:53:24,2019-07-03T18:25:07
7.157,81.224,2019-07-04,28.6,0,0,0,,9.2,239.7,2019-07-04T05:53:38,2019-07-04T18:25:15
7.157,81.224,2019-07-05,29.2,0,0,0,,9.3,241.9,2019-07-05T05:53:52,2019-07-05T18:25:22
7.157,81.224,2019-07-06,28.5,0,0,0,,8.6,300.7,2019-07-06T05:54:05,2019-07-06T18:25:29
7.157,81.224,2019-07-07,28.8,0.4,100,4.17,rain,13.7,310.7,2019-07-07T05:54:19,2019-07-07T18:25:35
7.157,81.224,2019-07-08,29.2,0,0,0,,9.5,102.1,2019-07-08T05:54:33,2019-07-08T18:25:41
7.157,81.224,2019-07-09,27.5,10.936,100,8.33,rain,11.2,154.1,2019-07-09T05:54:46,2019-07-09T18:25:45
7.157,81.224,2019-07-10,27.3,1.733,100,8.33,rain,7.7,332,2019-07-10T05:54:59,2019-07-10T18:25:50
7.157,81.224,2019-07-11,28,3.626,100,4.17,rain,8.6,84.5,2019-07-11T05:55:12,2019-07-11T18:25:53
7.157,81.224,2019-07-12,28.4,1.928,100,8.33,rain,7.6,78.4,2019-07-12T05:55:25,2019-07-12T18:25:56
7.157,81.224,2019-07-13,27,34.061,100,16.67,rain,5.8,114,2019-07-13T05:55:38,2019-07-13T18:25:58
7.157,81.224,2019-07-14,26.6,1.989,100,8.33,rain,8.7,273.4,2019-07-14T05:55:50,2019-07-14T18:26:00
7.157,81.224,2019-07-15,26.6,11.091,100,12.5,rain,8.1,303,2019-07-15T05:56:02,2019-07-15T18:26:01
7.157,81.224,2019-07-16,27.2,1.364,100,4.17,rain,9.4,312.4,2019-07-16T05:56:14,2019-07-16T18:26:01
7.157,81.224,2019-07-17,27.2,0.457,100,12.5,rain,9,278.5,2019-07-17T05:56:25,2019-07-17T18:26:00
7.157,81.224,2019-07-18,26.4,34.38,100,33.33,rain,17.6,289.8,2019-07-18T05:56:36,2019-07-18T18:25:59
7.157,81.224,2019-07-19,26.3,13.269,100,33.33,rain,21,280.5,2019-07-19T05:56:47,2019-07-19T18:25:57
7.157,81.224,2019-07-20,27.3,6.158,100,16.67,rain,20.2,286.1,2019-07-20T05:56:58,2019-07-20T18:25:54
7.157,81.224,2019-07-21,27.3,1.381,100,33.33,rain,13,288.6,2019-07-21T05:57:08,2019-07-21T18:25:51
7.157,81.224,2019-07-22,26.4,18.735,100,20.83,rain,7.7,307.9,2019-07-22T05:57:17,2019-07-22T18:25:47
7.157,81.224,2019-07-23,27.3,0.376,100,4.17,rain,12.6,302.5,2019-07-23T05:57:27,2019-07-23T18:25:42
7.157,81.224,2019-07-24,27.3,2.16,100,4.17,rain,8.9,305.1,2019-07-24T05:57:35,2019-07-24T18:25:36
7.157,81.224,2019-07-25,27.1,0.377,100,12.5,rain,6.4,251.4,2019-07-25T05:57:44,2019-07-25T18:25:29
7.157,81.224,2019-07-26,27.7,0.089,100,8.33,rain,10.9,295.4,2019-07-26T05:57:52,2019-07-26T18:25:22
7.157,81.224,2019-07-27,27.2,0,0,0,,13.7,298.1,2019-07-27T05:58:00,2019-07-27T18:25:14
7.157,81.224,2019-07-28,27.4,0,0,0,,12.1,304.6,2019-07-28T05:58:07,2019-07-28T18:25:05
7.157,81.224,2019-07-29,27.3,0,0,0,,9.8,287.8,2019-07-29T05:58:14,2019-07-29T18:24:56
7.157,81.224,2019-07-30,28.3,0,0,0,,9.6,9.1,2019-07-30T05:58:20,2019-07-30T18:24:45
7.157,81.224,2019-07-31,27.7,1.496,100,4.17,rain,8.6,5.3,2019-07-31T05:58:26,2019-07-31T18:24:34
7.157,81.224,2019-08-01,27.8,1.4,100,12.5,rain,8.6,211.9,2019-08-01T05:58:31,2019-08-01T18:24:22
7.157,81.224,2019-08-02,27.5,1.6,100,8.33,rain,9.6,217.4,2019-08-02T05:58:36,2019-08-02T18:24:10
7.157,81.224,2019-08-03,29.4,0,0,0,,5.8,176.4,2019-08-03T05:58:40,2019-08-03T18:23:57
7.157,81.224,2019-08-04,28.8,0,0,0,,5,209.9,2019-08-04T05:58:44,2019-08-04T18:23:42
7.157,81.224,2019-08-05,28.3,0.16,100,4.17,rain,10.8,240.4,2019-08-05T05:58:48,2019-08-05T18:23:28
7.157,81.224,2019-08-06,28.2,0.098,100,4.17,rain,14.2,216.7,2019-08-06T05:58:51,2019-08-06T18:23:12
7.157,81.224,2019-08-07,27.8,0,0,0,,12.6,226.8,2019-08-07T05:58:53,2019-08-07T18:22:56
7.157,81.224,2019-08-08,26.3,5.966,100,29.17,rain,15.3,261,2019-08-08T05:58:55,2019-08-08T18:22:39
7.157,81.224,2019-08-09,26.3,1.249,100,33.33,rain,19.7,276.9,2019-08-09T05:58:57,2019-08-09T18:22:21
7.157,81.224,2019-08-10,26.6,5.587,100,25,rain,13.7,285.8,2019-08-10T05:58:58,2019-08-10T18:22:03
7.157,81.224,2019-08-11,27.8,5.439,100,20.83,rain,15.8,280.5,2019-08-11T05:58:59,2019-08-11T18:21:44
7.157,81.224,2019-08-12,26.9,9.031,100,20.83,rain,13.3,278,2019-08-12T05:58:59,2019-08-12T18:21:24
7.157,81.224,2019-08-13,26.8,19.789,100,20.83,rain,9,270.4,2019-08-13T05:58:59,2019-08-13T18:21:04
7.157,81.224,2019-08-14,26.9,1.731,100,20.83,rain,15.3,284.8,2019-08-14T05:58:58,2019-08-14T18:20:43
7.157,81.224,2019-08-15,27.6,0.05,100,4.17,rain,17.5,283.6,2019-08-15T05:58:57,2019-08-15T18:20:21
7.157,81.224,2019-08-16,27.1,7.354,100,20.83,rain,6.8,308.4,2019-08-16T05:58:55,2019-08-16T18:19:59
7.157,81.224,2019-08-17,26,6.619,100,20.83,rain,6.9,14.7,2019-08-17T05:58:53,2019-08-17T18:19:36
7.157,81.224,2019-08-18,26.5,1.059,100,12.5,rain,6.8,353.2,2019-08-18T05:58:51,2019-08-18T18:19:13
7.157,81.224,2019-08-19,26.1,0.481,100,16.67,rain,9.6,280.5,2019-08-19T05:58:48,2019-08-19T18:18:49
7.157,81.224,2019-08-20,26.2,8.176,100,4.17,rain,9.4,229.9,2019-08-20T05:58:44,2019-08-20T18:18:24
7.157,81.224,2019-08-21,26.5,0.604,100,20.83,rain,14.7,258.2,2019-08-21T05:58:41,2019-08-21T18:17:59
7.157,81.224,2019-08-22,26,2.855,100,20.83,rain,13,236.9,2019-08-22T05:58:37,2019-08-22T18:17:34
7.157,81.224,2019-08-23,25,3.366,100,25,rain,13,226,2019-08-23T05:58:32,2019-08-23T18:17:08
7.157,81.224,2019-08-24,26.1,2.096,100,12.5,rain,15,253.1,2019-08-24T05:58:27,2019-08-24T18:16:41
7.157,81.224,2019-08-25,26.6,0.887,100,12.5,rain,13.9,220.8,2019-08-25T05:58:22,2019-08-25T18:16:14
7.157,81.224,2019-08-26,25.8,2.563,100,16.67,rain,10.1,222.9,2019-08-26T05:58:17,2019-08-26T18:15:46
7.157,81.224,2019-08-27,26.7,0.897,100,16.67,rain,12.7,267,2019-08-27T05:58:11,2019-08-27T18:15:18
7.157,81.224,2019-08-28,27.2,0.574,100,8.33,rain,13.4,254.7,2019-08-28T05:58:04,2019-08-28T18:14:50
7.157,81.224,2019-08-29,27.6,0.073,100,8.33,rain,8.7,232.1,2019-08-29T05:57:58,2019-08-29T18:14:21
7.157,81.224,2019-08-30,27.1,5.598,100,16.67,rain,11.2,274.6,2019-08-30T05:57:51,2019-08-30T18:13:51
7.157,81.224,2019-08-31,28,0.332,100,8.33,rain,14.2,228.9,2019-08-31T05:57:44,2019-08-31T18:13:22
7.157,81.224,2019-09-01,26.6,1.368,100,25,rain,6.5,192.9,2019-09-01T05:57:37,2019-09-01T18:12:52
7.157,81.224,2019-09-02,26.8,0.662,100,20.83,rain,7.5,214.8,2019-09-02T05:57:29,2019-09-02T18:12:21
7.157,81.224,2019-09-03,27.7,0,0,0,,11.6,234.8,2019-09-03T05:57:21,2019-09-03T18:11:51
7.157,81.224,2019-09-04,27.6,0.062,100,4.17,rain,9.9,216,2019-09-04T05:57:13,2019-09-04T18:11:20
7.157,81.224,2019-09-05,27,1.042,100,20.83,rain,9.2,212.5,2019-09-05T05:57:04,2019-09-05T18:10:48
7.157,81.224,2019-09-06,27.5,1.723,100,16.67,rain,14.9,253.3,2019-09-06T05:56:56,2019-09-06T18:10:17
7.157,81.224,2019-09-07,28,0,0,0,,12.2,272,2019-09-07T05:56:47,2019-09-07T18:09:45
7.157,81.224,2019-09-08,27.9,0,0,0,,13.9,298.5,2019-09-08T05:56:38,2019-09-08T18:09:13
7.157,81.224,2019-09-09,27.7,2.646,100,8.33,rain,6.5,239.9,2019-09-09T05:56:29,2019-09-09T18:08:41
7.157,81.224,2019-09-10,27.4,5.186,100,16.67,rain,9.3,348.5,2019-09-10T05:56:20,2019-09-10T18:08:08
7.157,81.224,2019-09-11,26.6,7.188,100,16.67,rain,9.2,180.9,2019-09-11T05:56:11,2019-09-11T18:07:36
7.157,81.224,2019-09-12,25.5,15.603,100,16.67,rain,8.6,188.6,2019-09-12T05:56:01,2019-09-12T18:07:03
7.157,81.224,2019-09-13,25.7,3.264,100,20.83,rain,7.2,175.2,2019-09-13T05:55:52,2019-09-13T18:06:30
7.157,81.224,2019-09-14,26,31.884,100,8.33,rain,8.3,187,2019-09-14T05:55:42,2019-09-14T18:05:57
7.157,81.224,2019-09-15,25.1,4.386,100,20.83,rain,7.3,192.3,2019-09-15T05:55:32,2019-09-15T18:05:24
7.157,81.224,2019-09-16,25.3,9.784,100,33.33,rain,5.5,250.5,2019-09-16T05:55:23,2019-09-16T18:04:51
7.157,81.224,2019-09-17,26.1,2.992,100,29.17,rain,10,216.2,2019-09-17T05:55:13,2019-09-17T18:04:18
7.157,81.224,2019-09-18,26.3,8.1,100,12.5,rain,7.2,193.8,2019-09-18T05:55:03,2019-09-18T18:03:45
7.157,81.224,2019-09-19,25.1,2.135,100,16.67,rain,7,155.1,2019-09-19T05:54:54,2019-09-19T18:03:12
7.157,81.224,2019-09-20,25.5,1.404,100,12.5,rain,7.4,163.5,2019-09-20T05:54:44,2019-09-20T18:02:39
7.157,81.224,2019-09-21,26.2,1.206,100,12.5,rain,6,174.3,2019-09-21T05:54:34,2019-09-21T18:02:06
7.157,81.224,2019-09-22,25.4,13.289,100,12.5,rain,11.7,198,2019-09-22T05:54:25,2019-09-22T18:01:33
7.157,81.224,2019-09-23,24.7,16.005,100,20.83,rain,5.2,52.9,2019-09-23T05:54:16,2019-09-23T18:01:00
7.157,81.224,2019-09-24,24.4,0.872,100,20.83,rain,12.4,131.8,2019-09-24T05:54:06,2019-09-24T18:00:27
7.157,81.224,2019-09-25,23.6,33.46,100,16.67,rain,5.3,286.3,2019-09-25T05:53:57,2019-09-25T17:59:54
7.157,81.224,2019-09-26,23.8,12.848,100,16.67,rain,5.8,356.9,2019-09-26T05:53:48,2019-09-26T17:59:22
7.157,81.224,2019-09-27,24,1.209,100,8.33,rain,8.2,339.7,2019-09-27T05:53:39,2019-09-27T17:58:50
7.157,81.224,2019-09-28,23.4,15.579,100,25,rain,7.9,28.5,2019-09-28T05:53:30,2019-09-28T17:58:18
7.157,81.224,2019-09-29,24.1,23.399,100,29.17,rain,9.2,116.2,2019-09-29T05:53:22,2019-09-29T17:57:46
7.157,81.224,2019-09-30,24.1,16.223,100,16.67,rain,8.1,146.3,2019-09-30T05:53:14,2019-09-30T17:57:14
7.157,81.224,2019-10-01,23.9,19.219,100,16.67,rain,7.9,338.5,2019-10-01T05:53:06,2019-10-01T17:56:43
7.157,81.224,2019-10-02,24.8,0.642,100,12.5,rain,6.5,84.2,2019-10-02T05:52:58,2019-10-02T17:56:12
7.157,81.224,2019-10-03,24,11.309,100,16.67,rain,8.6,147.9,2019-10-03T05:52:50,2019-10-03T17:55:41
7.157,81.224,2019-10-04,24.6,13.581,100,20.83,rain,4.8,18.9,2019-10-04T05:52:43,2019-10-04T17:55:10
7.157,81.224,2019-10-05,24.4,27.748,100,12.5,rain,7.2,93.4,2019-10-05T05:52:36,2019-10-05T17:54:40
7.157,81.224,2019-10-06,23.6,17.041,100,25,rain,4.3,330.8,2019-10-06T05:52:30,2019-10-06T17:54:11
7.157,81.224,2019-10-07,24.3,5.801,100,16.67,rain,6,19.7,2019-10-07T05:52:23,2019-10-07T17:53:41
7.157,81.224,2019-10-08,24.5,14.688,100,16.67,rain,6.8,65.5,2019-10-08T05:52:17,2019-10-08T17:53:13
7.157,81.224,2019-10-09,24.4,18.819,100,16.67,rain,7,152.1,2019-10-09T05:52:12,2019-10-09T17:52:44
7.157,81.224,2019-10-10,24.2,2.571,100,20.83,rain,5.3,127,2019-10-10T05:52:07,2019-10-10T17:52:16
7.157,81.224,2019-10-11,24.5,5.394,100,16.67,rain,6.8,49.4,2019-10-11T05:52:02,2019-10-11T17:51:49
7.157,81.224,2019-10-12,24.2,23.326,100,20.83,rain,5.9,8.8,2019-10-12T05:51:58,2019-10-12T17:51:22
7.157,81.224,2019-10-13,23.9,16.446,100,16.67,rain,8.1,16.6,2019-10-13T05:51:54,2019-10-13T17:50:56
7.157,81.224,2019-10-14,24.7,1.243,100,25,rain,5.9,32.8,2019-10-14T05:51:51,2019-10-14T17:50:30
7.157,81.224,2019-10-15,24.5,3.156,100,20.83,rain,7.2,121.6,2019-10-15T05:51:48,2019-10-15T17:50:05
7.157,81.224,2019-10-16,23.4,17.848,100,29.17,rain,7.5,127.8,2019-10-16T05:51:46,2019-10-16T17:49:40
7.157,81.224,2019-10-17,24.3,11.264,100,25,rain,7.6,133.2,2019-10-17T05:51:44,2019-10-17T17:49:16
7.157,81.224,2019-10-18,24.5,3.745,100,20.83,rain,7.2,70.5,2019-10-18T05:51:43,2019-10-18T17:48:52
7.157,81.224,2019-10-19,23.6,9.832,100,25,rain,6.5,350.3,2019-10-19T05:51:42,2019-10-19T17:48:30
7.157,81.224,2019-10-20,23.5,10.308,100,20.83,rain,5.8,139,2019-10-20T05:51:42,2019-10-20T17:48:08
7.157,81.224,2019-10-21,24.1,1.533,100,12.5,rain,6.6,4.8,2019-10-21T05:51:43,2019-10-21T17:47:46
7.157,81.224,2019-10-22,24,16.396,100,20.83,rain,4.9,86.6,2019-10-22T05:51:44,2019-10-22T17:47:26
7.157,81.224,2019-10-23,24.3,16.297,100,20.83,rain,5.4,142.5,2019-10-23T05:51:46,2019-10-23T17:47:06
7.157,81.224,2019-10-24,23.3,17.132,100,25,rain,6.9,301.1,2019-10-24T05:51:48,2019-10-24T17:46:47
7.157,81.224,2019-10-25,24.4,1.49,100,16.67,rain,5,190.9,2019-10-25T05:51:51,2019-10-25T17:46:29
7.157,81.224,2019-10-26,23.3,1.697,100,25,rain,5.8,309.8,2019-10-26T05:51:55,2019-10-26T17:46:11
7.157,81.224,2019-10-27,22.6,36.367,100,29.17,rain,9.4,305.1,2019-10-27T05:51:59,2019-10-27T17:45:54
7.157,81.224,2019-10-28,22,81.56,100,33.33,rain,8.1,9.2,2019-10-28T05:52:04,2019-10-28T17:45:39
7.157,81.224,2019-10-29,22.8,41.216,100,33.33,rain,12.2,122.4,2019-10-29T05:52:10,2019-10-29T17:45:24
7.157,81.224,2019-10-30,24.1,7.473,100,20.83,rain,10.1,164.2,2019-10-30T05:52:16,2019-10-30T17:45:09
7.157,81.224,2019-10-31,24.1,0.149,100,12.5,rain,6.9,333.2,2019-10-31T05:52:23,2019-10-31T17:44:56
7.157,81.224,2019-11-01,24.7,0.236,100,8.33,rain,7.9,335.9,2019-11-01T05:52:31,2019-11-01T17:44:44
7.157,81.224,2019-11-02,23.8,5.259,100,20.83,rain,7.7,339.8,2019-11-02T05:52:39,2019-11-02T17:44:32
7.157,81.224,2019-11-03,23.4,20.436,100,20.83,rain,6.1,335.9,2019-11-03T05:52:48,2019-11-03T17:44:22
7.157,81.224,2019-11-04,24.3,2.394,100,12.5,rain,8,344.6,2019-11-04T05:52:58,2019-11-04T17:44:12
7.157,81.224,2019-11-05,24.7,9.095,100,16.67,rain,8.3,330,2019-11-05T05:53:09,2019-11-05T17:44:03
7.157,81.224,2019-11-06,25.4,0,0,0,,10.1,321.7,2019-11-06T05:53:20,2019-11-06T17:43:56
7.157,81.224,2019-11-07,26.3,0,0,0,,6.5,341.4,2019-11-07T05:53:32,2019-11-07T17:43:49
7.157,81.224,2019-11-08,25.5,7.158,100,12.5,rain,6.5,354.7,2019-11-08T05:53:45,2019-11-08T17:43:43
7.157,81.224,2019-11-09,24.5,10.717,100,16.67,rain,5.6,289.7,2019-11-09T05:53:59,2019-11-09T17:43:38
7.157,81.224,2019-11-10,25,2.569,100,8.33,rain,7.8,113.8,2019-11-10T05:54:13,2019-11-10T17:43:35
7.157,81.224,2019-11-11,25.1,0.876,100,8.33,rain,7.5,13.2,2019-11-11T05:54:28,2019-11-11T17:43:32
7.157,81.224,2019-11-12,24.6,0.017,100,4.17,rain,7.2,346.1,2019-11-12T05:54:44,2019-11-12T17:43:30
7.157,81.224,2019-11-13,24.3,1.598,100,12.5,rain,7.2,49.6,2019-11-13T05:55:00,2019-11-13T17:43:29
7.157,81.224,2019-11-14,24.8,0.09,100,4.17,rain,7.9,99.6,2019-11-14T05:55:17,2019-11-14T17:43:29
7.157,81.224,2019-11-15,24.4,15.435,100,29.17,rain,8.3,100.1,2019-11-15T05:55:35,2019-11-15T17:43:30
7.157,81.224,2019-11-16,24.1,19.64,100,25,rain,7.2,128.6,2019-11-16T05:55:54,2019-11-16T17:43:33
7.157,81.224,2019-11-17,24.4,0.988,100,16.67,rain,7.2,88.3,2019-11-17T05:56:13,2019-11-17T17:43:36
7.157,81.224,2019-11-18,23.8,6.086,100,16.67,rain,7.6,13.8,2019-11-18T05:56:33,2019-11-18T17:43:40
7.157,81.224,2019-11-19,24.3,3.333,100,29.17,rain,6.8,86.7,2019-11-19T05:56:54,2019-11-19T17:43:45
7.157,81.224,2019-11-20,23.9,5.749,100,12.5,rain,9.5,23.9,2019-11-20T05:57:15,2019-11-20T17:43:51
7.157,81.224,2019-11-21,24,2.165,100,16.67,rain,10.1,4.6,2019-11-21T05:57:37,2019-11-21T17:43:59
7.157,81.224,2019-11-22,23.3,15.817,100,33.33,rain,9.6,37.3,2019-11-22T05:58:00,2019-11-22T17:44:07
7.157,81.224,2019-11-23,23.3,22.775,100,25,rain,9.2,9.7,2019-11-23T05:58:23,2019-11-23T17:44:16
7.157,81.224,2019-11-24,23.5,18.351,100,33.33,rain,9.6,70.4,2019-11-24T05:58:46,2019-11-24T17:44:26
7.157,81.224,2019-11-25,23.1,30.296,100,33.33,rain,8.6,82.4,2019-11-25T05:59:11,2019-11-25T17:44:37
7.157,81.224,2019-11-26,23.4,15.854,100,29.17,rain,12.6,54.8,2019-11-26T05:59:36,2019-11-26T17:44:49
7.157,81.224,2019-11-27,23.2,9.831,100,29.17,rain,13,88.4,2019-11-27T06:00:01,2019-11-27T17:45:02
7.157,81.224,2019-11-28,23.5,23.543,100,33.33,rain,11,78.4,2019-11-28T06:00:27,2019-11-28T17:45:16
7.157,81.224,2019-11-29,23.4,24.669,100,37.5,rain,6.6,65.2,2019-11-29T06:00:54,2019-11-29T17:45:31
7.157,81.224,2019-11-30,23.4,92.103,100,33.33,rain,4,24.7,2019-11-30T06:01:20,2019-11-30T17:45:47
7.157,81.224,2019-12-01,23.7,33.241,100,29.17,rain,5.8,4.7,2019-12-01T06:01:48,2019-12-01T17:46:03
7.157,81.224,2019-12-02,23.3,5.735,100,29.17,rain,7.6,321.9,2019-12-02T06:02:16,2019-12-02T17:46:21
7.157,81.224,2019-12-03,23.4,22.139,100,33.33,rain,25.7,12.2,2019-12-03T06:02:44,2019-12-03T17:46:39
7.157,81.224,2019-12-04,23,55.557,100,33.33,rain,11.3,83,2019-12-04T06:03:12,2019-12-04T17:46:58
7.157,81.224,2019-12-05,22.9,39.399,100,33.33,rain,6.1,51.6,2019-12-05T06:03:41,2019-12-05T17:47:18
7.157,81.224,2019-12-06,24.2,3.135,100,12.5,rain,11.5,14.7,2019-12-06T06:04:11,2019-12-06T17:47:39
7.157,81.224,2019-12-07,23.8,1.304,100,12.5,rain,6.8,301.6,2019-12-07T06:04:40,2019-12-07T17:48:01
7.157,81.224,2019-12-08,23.5,2.857,100,8.33,rain,16.6,351,2019-12-08T06:05:10,2019-12-08T17:48:23
7.157,81.224,2019-12-09,23.1,2.835,100,16.67,rain,7.2,344.5,2019-12-09T06:05:40,2019-12-09T17:48:46
7.157,81.224,2019-12-10,23.3,11.584,100,25,rain,6.1,18.2,2019-12-10T06:06:10,2019-12-10T17:49:10
7.157,81.224,2019-12-11,23.3,20.106,100,12.5,rain,8.6,342.2,2019-12-11T06:06:40,2019-12-11T17:49:34
7.157,81.224,2019-12-12,24.3,1.2,100,25,rain,8.4,330,2019-12-12T06:07:11,2019-12-12T17:49:59
7.157,81.224,2019-12-13,24,4.118,100,12.5,rain,8.6,107.3,2019-12-13T06:07:41,2019-12-13T17:50:25
7.157,81.224,2019-12-14,23.9,0.796,100,16.67,rain,10.4,72.3,2019-12-14T06:08:12,2019-12-14T17:50:51
7.157,81.224,2019-12-15,23.3,1.102,100,12.5,rain,13.9,50.3,2019-12-15T06:08:43,2019-12-15T17:51:17
7.157,81.224,2019-12-16,23.3,0.146,100,8.33,rain,15,21.8,2019-12-16T06:09:13,2019-12-16T17:51:45
7.157,81.224,2019-12-17,22.7,7.643,100,33.33,rain,11.2,21.5,2019-12-17T06:09:44,2019-12-17T17:52:12
7.157,81.224,2019-12-18,23.2,32.783,100,33.33,rain,9.8,55.4,2019-12-18T06:10:14,2019-12-18T17:52:41
7.157,81.224,2019-12-19,23.1,42.531,100,33.33,rain,17,76.7,2019-12-19T06:10:45,2019-12-19T17:53:09
7.157,81.224,2019-12-20,22.5,101.572,100,29.17,rain,11.9,63.5,2019-12-20T06:11:15,2019-12-20T17:53:38
7.157,81.224,2019-12-21,23.6,14.946,100,25,rain,8.4,2,2019-12-21T06:11:45,2019-12-21T17:54:08
7.157,81.224,2019-12-22,23.3,4.141,100,29.17,rain,6.8,4.3,2019-12-22T06:12:15,2019-12-22T17:54:37
7.157,81.224,2019-12-23,23.4,0.093,100,12.5,rain,7.6,21.8,2019-12-23T06:12:45,2019-12-23T17:55:07
7.157,81.224,2019-12-24,24,0.238,100,8.33,rain,7.6,90.9,2019-12-24T06:13:14,2019-12-24T17:55:38
7.157,81.224,2019-12-25,23.9,0.054,100,12.5,rain,6.8,67.2,2019-12-25T06:13:43,2019-12-25T17:56:08
7.157,81.224,2019-12-26,23.5,0.9,100,37.5,rain,7.9,4.4,2019-12-26T06:14:12,2019-12-26T17:56:39
7.157,81.224,2019-12-27,23.2,0,0,0,,8.6,1.2,2019-12-27T06:14:40,2019-12-27T17:57:10
7.157,81.224,2019-12-28,23.5,0.9,100,20.83,rain,11.9,0.7,2019-12-28T06:15:08,2019-12-28T17:57:41
7.157,81.224,2019-12-29,23.1,0.1,100,4.17,rain,9.7,351.7,2019-12-29T06:15:36,2019-12-29T17:58:12
7.157,81.224,2019-12-30,23.5,0,0,0,,7.5,347.3,2019-12-30T06:16:03,2019-12-30T17:58:43
7.157,81.224,2019-12-31,23.7,1.3,100,33.33,rain,8.6,353.9,2019-12-31T06:16:30,2019-12-31T17:59:14
7.157,81.224,2020-01-01,24.5,0.012,100,4.17,rain,9.7,112.6,2020-01-01T06:16:56,2020-01-01T17:59:45
7.157,81.224,2020-01-02,24.3,6.727,100,12.5,rain,9.1,95.8,2020-01-02T06:17:21,2020-01-02T18:00:16
7.157,81.224,2020-01-03,24.6,0.146,100,8.33,rain,10.3,114.2,2020-01-03T06:17:46,2020-01-03T18:00:47
7.157,81.224,2020-01-04,24.6,0.006,100,4.17,rain,8.3,61.1,2020-01-04T06:18:10,2020-01-04T18:01:18
7.157,81.224,2020-01-05,24.9,1.2,100,37.5,rain,9.7,28.7,2020-01-05T06:18:34,2020-01-05T18:01:49
7.157,81.224,2020-01-06,23.7,6.098,100,20.83,rain,10.1,7.4,2020-01-06T06:18:57,2020-01-06T18:02:20
7.157,81.224,2020-01-07,23.8,1.614,100,25,rain,16.2,7,2020-01-07T06:19:19,2020-01-07T18:02:50
7.157,81.224,2020-01-08,23.6,7.673,100,16.67,rain,12.6,354.1,2020-01-08T06:19:41,2020-01-08T18:03:20
7.157,81.224,2020-01-09,22.8,0,0,0,,9,346.4,2020-01-09T06:20:02,2020-01-09T18:03:50
7.157,81.224,2020-01-10,22.5,0,0,0,,9.7,359.3,2020-01-10T06:20:22,2020-01-10T18:04:20
7.157,81.224,2020-01-11,23.1,0.112,100,8.33,rain,10.9,343.9,2020-01-11T06:20:41,2020-01-11T18:04:49
7.157,81.224,2020-01-12,23.3,8.226,100,12.5,rain,19.7,356.8,2020-01-12T06:21:00,2020-01-12T18:05:18
7.157,81.224,2020-01-13,22.3,0.133,100,4.17,rain,13.3,336.6,2020-01-13T06:21:18,2020-01-13T18:05:47
7.157,81.224,2020-01-14,21.6,0,0,0,,11.5,332.8,2020-01-14T06:21:35,2020-01-14T18:06:15
7.157,81.224,2020-01-15,21.8,0,0,0,,10.1,330.1,2020-01-15T06:21:51,2020-01-15T18:06:43
7.157,81.224,2020-01-16,22.6,1.3,100,33.33,rain,6.8,336.9,2020-01-16T06:22:06,2020-01-16T18:07:11
7.157,81.224,2020-01-17,23.3,4.625,100,25,rain,7.9,101,2020-01-17T06:22:20,2020-01-17T18:07:37
7.157,81.224,2020-01-18,24.1,2.034,100,12.5,rain,10.1,62.9,2020-01-18T06:22:34,2020-01-18T18:08:04
7.157,81.224,2020-01-19,23.9,0.323,100,16.67,rain,9.7,49.6,2020-01-19T06:22:46,2020-01-19T18:08:30
7.157,81.224,2020-01-20,24.1,7.934,100,25,rain,14.7,24.8,2020-01-20T06:22:58,2020-01-20T18:08:55
7.157,81.224,2020-01-21,24.1,0.686,100,20.83,rain,15.6,31.2,2020-01-21T06:23:08,2020-01-21T18:09:20
7.157,81.224,2020-01-22,23.3,18.339,100,29.17,rain,9.8,20.2,2020-01-22T06:23:18,2020-01-22T18:09:44
7.157,81.224,2020-01-23,24,10.717,100,29.17,rain,16.7,34.6,2020-01-23T06:23:27,2020-01-23T18:10:08
7.157,81.224,2020-01-24,24.4,2.1,100,41.67,rain,23.5,35.9,2020-01-24T06:23:35,2020-01-24T18:10:31
7.157,81.224,2020-01-25,23.4,2.9,100,62.5,rain,12.2,0.6,2020-01-25T06:23:42,2020-01-25T18:10:54
7.157,81.224,2020-01-26,23.3,0.3,100,12.5,rain,10.1,6.3,2020-01-26T06:23:47,2020-01-26T18:11:16
7.157,81.224,2020-01-27,22.6,0,0,0,,8.6,12.8,2020-01-27T06:23:52,2020-01-27T18:11:37
7.157,81.224,2020-01-28,22.8,0,0,0,,7.7,53.6,2020-01-28T06:23:56,2020-01-28T18:11:58
7.157,81.224,2020-01-29,22.8,0,0,0,,13.6,47,2020-01-29T06:23:59,2020-01-29T18:12:18
7.157,81.224,2020-01-30,23.2,0,0,0,,14,37.4,2020-01-30T06:24:01,2020-01-30T18:12:37
7.157,81.224,2020-01-31,23.2,0,0,0,,12.2,44.2,2020-01-31T06:24:02,2020-01-31T18:12:56
7.157,81.224,2020-02-01,23.1,0.1,100,4.17,rain,13.8,28.2,2020-02-01T06:24:02,2020-02-01T18:13:14
7.157,81.224,2020-02-02,22.8,1.1,100,25,rain,9.6,23.8,2020-02-02T06:24:02,2020-02-02T18:13:31
7.157,81.224,2020-02-03,22.9,1.8,100,37.5,rain,9.5,355.4,2020-02-03T06:24:00,2020-02-03T18:13:47
7.157,81.224,2020-02-04,23.1,1,100,29.17,rain,9,3.6,2020-02-04T06:23:57,2020-02-04T18:14:03
7.157,81.224,2020-02-05,23.9,1.5,100,37.5,rain,11.2,358.4,2020-02-05T06:23:53,2020-02-05T18:14:18
7.157,81.224,2020-02-06,23.7,0.3,100,12.5,rain,9.7,0.7,2020-02-06T06:23:49,2020-02-06T18:14:33
7.157,81.224,2020-02-07,23.1,0.3,100,12.5,rain,10,22,2020-02-07T06:23:43,2020-02-07T18:14:47
7.157,81.224,2020-02-08,23.3,0,0,0,,8.6,3.7,2020-02-08T06:23:36,2020-02-08T18:15:00
7.157,81.224,2020-02-09,23,0,0,0,,10.4,6.7,2020-02-09T06:23:29,2020-02-09T18:15:12
7.157,81.224,2020-02-10,22.5,1,100,20.83,rain,13,11.4,2020-02-10T06:23:21,2020-02-10T18:15:24
7.157,81.224,2020-02-11,23.6,3.4,100,62.5,rain,13.5,30.9,2020-02-11T06:23:11,2020-02-11T18:15:35
7.157,81.224,2020-02-12,23.5,12.19,100,33.33,rain,18.6,36.3,2020-02-12T06:23:01,2020-02-12T18:15:45
7.157,81.224,2020-02-13,23.7,2.665,100,20.83,rain,13.3,10.1,2020-02-13T06:22:50,2020-02-13T18:15:55
7.157,81.224,2020-02-14,24.1,0.25,100,8.33,rain,7.2,9.5,2020-02-14T06:22:38,2020-02-14T18:16:04
7.157,81.224,2020-02-15,24.6,0,0,0,,8.6,19.6,2020-02-15T06:22:26,2020-02-15T18:16:12
7.157,81.224,2020-02-16,24.3,0.3,100,12.5,rain,8.9,38.1,2020-02-16T06:22:12,2020-02-16T18:16:20
7.157,81.224,2020-02-17,23.7,1.3,100,41.67,rain,13.3,12.3,2020-02-17T06:21:58,2020-02-17T18:16:27
7.157,81.224,2020-02-18,22.4,0,0,0,,9,15.4,2020-02-18T06:21:43,2020-02-18T18:16:33
7.157,81.224,2020-02-19,22.5,0,0,0,,11.2,17.5,2020-02-19T06:21:27,2020-02-19T18:16:39
7.157,81.224,2020-02-20,23.7,12.677,100,8.33,rain,11.9,24.4,2020-02-20T06:21:10,2020-02-20T18:16:44
7.157,81.224,2020-02-21,24,8.767,100,33.33,rain,14.6,51.9,2020-02-21T06:20:53,2020-02-21T18:16:49
7.157,81.224,2020-02-22,23.6,19.45,100,29.17,rain,18.8,51.1,2020-02-22T06:20:35,2020-02-22T18:16:53
7.157,81.224,2020-02-23,23.7,2.068,100,16.67,rain,16.1,47,2020-02-23T06:20:16,2020-02-23T18:16:56
7.157,81.224,2020-02-24,23.8,0.014,100,4.17,rain,13.7,27,2020-02-24T06:19:57,2020-02-24T18:16:59
7.157,81.224,2020-02-25,24.3,1.4,100,25,rain,9.9,35.7,2020-02-25T06:19:36,2020-02-25T18:17:02
7.157,81.224,2020-02-26,24.3,1.7,100,25,rain,10.1,37.2,2020-02-26T06:19:16,2020-02-26T18:17:03
7.157,81.224,2020-02-27,23.8,1.2,100,25,rain,11.5,4.3,2020-02-27T06:18:54,2020-02-27T18:17:05
7.157,81.224,2020-02-28,23.9,0.5,100,16.67,rain,11.2,25.3,2020-02-28T06:18:32,2020-02-28T18:17:05
7.157,81.224,2020-02-29,23.6,0.5,100,20.83,rain,9.4,13.1,2020-02-29T06:18:10,2020-02-29T18:17:06
7.157,81.224,2020-03-01,24.1,0.4,100,16.67,rain,7.9,22.7,2020-03-01T06:17:46,2020-03-01T18:17:05
7.157,81.224,2020-03-02,24.3,0,0,0,,9,0.1,2020-03-02T06:17:23,2020-03-02T18:17:05
7.157,81.224,2020-03-03,24.5,0,0,0,,8.2,353,2020-03-03T06:16:58,2020-03-03T18:17:04
7.157,81.224,2020-03-04,24.6,0,0,0,,9.6,48.2,2020-03-04T06:16:34,2020-03-04T18:17:02
7.157,81.224,2020-03-05,24.4,0.1,100,4.17,rain,6.8,101.2,2020-03-05T06:16:09,2020-03-05T18:17:00
7.157,81.224,2020-03-06,25.1,0.3,100,12.5,rain,7.5,112.1,2020-03-06T06:15:43,2020-03-06T18:16:58
7.157,81.224,2020-03-07,25,14.065,100,16.67,rain,7.2,98.2,2020-03-07T06:15:17,2020-03-07T18:16:55
7.157,81.224,2020-03-08,24.8,0,0,0,,8.8,73.8,2020-03-08T06:14:50,2020-03-08T18:16:52
7.157,81.224,2020-03-09,25.5,0,0,0,,8.6,42.8,2020-03-09T06:14:23,2020-03-09T18:16:49
7.157,81.224,2020-03-10,25.3,0,0,0,,9,42,2020-03-10T06:13:56,2020-03-10T18:16:45
7.157,81.224,2020-03-11,25.5,0.3,100,12.5,rain,7.6,73.6,2020-03-11T06:13:29,2020-03-11T18:16:41
7.157,81.224,2020-03-12,25.5,0.2,100,8.33,rain,6.1,62.3,2020-03-12T06:13:01,2020-03-12T18:16:37
7.157,81.224,2020-03-13,25.4,0,0,0,,10.8,51.9,2020-03-13T06:12:33,2020-03-13T18:16:32
7.157,81.224,2020-03-14,25,0,0,0,,9.7,15.7,2020-03-14T06:12:04,2020-03-14T18:16:27
7.157,81.224,2020-03-15,25.3,0,0,0,,10.1,38.8,2020-03-15T06:11:35,2020-03-15T18:16:22
7.157,81.224,2020-03-16,25.2,3.1,100,45.83,rain,11.2,27.3,2020-03-16T06:11:06,2020-03-16T18:16:17
7.157,81.224,2020-03-17,24.5,6.813,100,16.67,rain,10.4,104.7,2020-03-17T06:10:37,2020-03-17T18:16:12
7.157,81.224,2020-03-18,25.2,0.171,100,8.33,rain,13.1,86.4,2020-03-18T06:10:08,2020-03-18T18:16:06
7.157,81.224,2020-03-19,26.3,0.332,100,4.17,rain,10.4,79.5,2020-03-19T06:09:38,2020-03-19T18:16:01
7.157,81.224,2020-03-20,26.2,0.3,100,12.5,rain,12.7,65.2,2020-03-20T06:09:09,2020-03-20T18:15:55
7.157,81.224,2020-03-21,25.1,0,0,0,,7.6,106.6,2020-03-21T06:08:39,2020-03-21T18:15:49
7.157,81.224,2020-03-22,25.1,0,0,0,,7.2,77.6,2020-03-22T06:08:09,2020-03-22T18:15:43
7.157,81.224,2020-03-23,25.6,0,0,0,,9.4,88.5,2020-03-23T06:07:39,2020-03-23T18:15:37
7.157,81.224,2020-03-24,25.5,0.1,100,4.17,rain,10.5,59.9,2020-03-24T06:07:09,2020-03-24T18:15:31
7.157,81.224,2020-03-25,25.8,0.752,100,4.17,rain,9.4,62.8,2020-03-25T06:06:39,2020-03-25T18:15:24
7.157,81.224,2020-03-26,25.4,0,0,0,,16.8,64.5,2020-03-26T06:06:09,2020-03-26T18:15:18
7.157,81.224,2020-03-27,25.4,0.3,100,8.33,rain,10.4,55.8,2020-03-27T06:05:39,2020-03-27T18:15:12
7.157,81.224,2020-03-28,25.7,0,0,0,,8.6,39.9,2020-03-28T06:05:09,2020-03-28T18:15:06
7.157,81.224,2020-03-29,26.9,0.882,100,4.17,rain,8.3,63.1,2020-03-29T06:04:39,2020-03-29T18:14:59
7.157,81.224,2020-03-30,26.6,0,0,0,,9,49.1,2020-03-30T06:04:10,2020-03-30T18:14:53
7.157,81.224,2020-03-31,25.9,0,0,0,,10.4,26.9,2020-03-31T06:03:40,2020-03-31T18:14:47
7.157,81.224,2020-04-01,25.6,0.1,100,4.17,rain,10.5,37.8,2020-04-01T06:03:10,2020-04-01T18:14:41
7.157,81.224,2020-04-02,25.2,0,0,0,,9.7,74.1,2020-04-02T06:02:41,2020-04-02T18:14:35
7.157,81.224,2020-04-03,26,0,0,0,,10.4,99.7,2020-04-03T06:02:12,2020-04-03T18:14:30
7.157,81.224,2020-04-04,24.9,5.409,100,20.83,rain,7.9,141.9,2020-04-04T06:01:42,2020-04-04T18:14:24
7.157,81.224,2020-04-05,26.3,1.336,100,12.5,rain,8.6,125.6,2020-04-05T06:01:14,2020-04-05T18:14:19
7.157,81.224,2020-04-06,26.6,0.1,100,4.17,rain,9.3,67.8,2020-04-06T06:00:45,2020-04-06T18:14:13
7.157,81.224,2020-04-07,27.2,0,0,0,,8.8,80.3,2020-04-07T06:00:16,2020-04-07T18:14:08
7.157,81.224,2020-04-08,26.9,0.4,100,8.33,rain,7.6,54.5,2020-04-08T05:59:48,2020-04-08T18:14:03
7.157,81.224,2020-04-09,26.5,0.1,100,4.17,rain,8.7,47.2,2020-04-09T05:59:20,2020-04-09T18:13:59
7.157,81.224,2020-04-10,25.5,4.245,100,4.17,rain,10.2,99.4,2020-04-10T05:58:53,2020-04-10T18:13:54
7.157,81.224,2020-04-11,25.9,20.013,100,4.17,rain,9.4,89.4,2020-04-11T05:58:25,2020-04-11T18:13:50
7.157,81.224,2020-04-12,25.8,1.364,100,16.67,rain,12.2,59.7,2020-04-12T05:57:59,2020-04-12T18:13:46
7.157,81.224,2020-04-13,25.8,4.624,100,12.5,rain,11.2,94.8,2020-04-13T05:57:32,2020-04-13T18:13:42
7.157,81.224,2020-04-14,25.5,4.169,100,12.5,rain,8.4,111,2020-04-14T05:57:06,2020-04-14T18:13:39
7.157,81.224,2020-04-15,24.9,3.234,100,16.67,rain,8.7,84.1,2020-04-15T05:56:40,2020-04-15T18:13:35
7.157,81.224,2020-04-16,25.7,0.569,100,8.33,rain,8.6,130.5,2020-04-16T05:56:15,2020-04-16T18:13:33
7.157,81.224,2020-04-17,25.7,4.461,100,20.83,rain,8.6,130.1,2020-04-17T05:55:50,2020-04-17T18:13:30
7.157,81.224,2020-04-18,25.9,3.516,100,4.17,rain,9,131.5,2020-04-18T05:55:25,2020-04-18T18:13:28
7.157,81.224,2020-04-19,25.4,4.138,100,12.5,rain,10.4,117.4,2020-04-19T05:55:01,2020-04-19T18:13:26
7.157,81.224,2020-04-20,26.1,1.744,100,12.5,rain,11.1,89.2,2020-04-20T05:54:38,2020-04-20T18:13:24
7.157,81.224,2020-04-21,26.2,1.733,100,16.67,rain,10.4,112.3,2020-04-21T05:54:14,2020-04-21T18:13:23
7.157,81.224,2020-04-22,25.4,2.999,100,12.5,rain,9.4,125.6,2020-04-22T05:53:52,2020-04-22T18:13:22
7.157,81.224,2020-04-23,25.9,11.567,100,8.33,rain,8.3,36.9,2020-04-23T05:53:30,2020-04-23T18:13:22
7.157,81.224,2020-04-24,26,0.4,100,8.33,rain,5.9,106.7,2020-04-24T05:53:08,2020-04-24T18:13:22
7.157,81.224,2020-04-25,27.1,0.332,100,4.17,rain,7.6,41.7,2020-04-25T05:52:47,2020-04-25T18:13:22
7.157,81.224,2020-04-26,27.2,0.328,100,4.17,rain,7,114.5,2020-04-26T05:52:27,2020-04-26T18:13:23
7.157,81.224,2020-04-27,27.2,6.381,100,8.33,rain,7.6,9.3,2020-04-27T05:52:07,2020-04-27T18:13:24
7.157,81.224,2020-04-28,26.9,0.174,100,8.33,rain,6.5,92,2020-04-28T05:51:48,2020-04-28T18:13:26
7.157,81.224,2020-04-29,27.5,1.5,100,12.5,rain,9.1,349.2,2020-04-29T05:51:30,2020-04-29T18:13:28
7.157,81.224,2020-04-30,26.7,3.822,100,16.67,rain,9.7,81.9,2020-04-30T05:51:12,2020-04-30T18:13:30
7.157,81.224,2020-05-01,26.6,3.221,100,12.5,rain,7.7,30.6,2020-05-01T05:50:54,2020-05-01T18:13:33
7.157,81.224,2020-05-02,27.8,0,0,0,,9,60.8,2020-05-02T05:50:38,2020-05-02T18:13:36
7.157,81.224,2020-05-03,27.7,0.561,100,4.17,rain,8.9,59.5,2020-05-03T05:50:22,2020-05-03T18:13:40
7.157,81.224,2020-05-04,27,3.527,100,16.67,rain,10.3,31.2,2020-05-04T05:50:06,2020-05-04T18:13:44
7.157,81.224,2020-05-05,26.1,10.424,100,12.5,rain,8.6,6.7,2020-05-05T05:49:52,2020-05-05T18:13:49
7.157,81.224,2020-05-06,26.2,4.785,100,12.5,rain,9.4,159.5,2020-05-06T05:49:38,2020-05-06T18:13:54
7.157,81.224,2020-05-07,25.8,20.387,100,16.67,rain,5.9,358.8,2020-05-07T05:49:24,2020-05-07T18:13:59
7.157,81.224,2020-05-08,26,19.597,100,20.83,rain,9.7,335.9,2020-05-08T05:49:12,2020-05-08T18:14:05
7.157,81.224,2020-05-09,25.9,42.63,100,20.83,rain,7.2,10.5,2020-05-09T05:49:00,2020-05-09T18:14:12
7.157,81.224,2020-05-10,25.7,26.358,100,25,rain,7.4,8.5,2020-05-10T05:48:48,2020-05-10T18:14:18
7.157,81.224,2020-05-11,25.6,2.831,100,16.67,rain,6.5,5.7,2020-05-11T05:48:38,2020-05-11T18:14:25
7.157,81.224,2020-05-12,25.5,21.76,100,16.67,rain,8,100.7,2020-05-12T05:48:28,2020-05-12T18:14:33
7.157,81.224,2020-05-13,25.7,9.18,100,12.5,rain,6.1,337.4,2020-05-13T05:48:19,2020-05-13T18:14:41
7.157,81.224,2020-05-14,26.7,2.498,100,16.67,rain,7.2,346.5,2020-05-14T05:48:11,2020-05-14T18:14:50
7.157,81.224,2020-05-15,26.5,25.733,100,25,rain,10.8,328.3,2020-05-15T05:48:03,2020-05-15T18:14:59
7.157,81.224,2020-05-16,26.9,12.153,100,12.5,rain,13.3,298.3,2020-05-16T05:47:56,2020-05-16T18:15:08
7.157,81.224,2020-05-17,27.4,1.659,100,8.33,rain,19.8,274.2,2020-05-17T05:47:50,2020-05-17T18:15:17
7.157,81.224,2020-05-18,27.1,9.751,100,25,rain,17.3,278.4,2020-05-18T05:47:44,2020-05-18T18:15:27
7.157,81.224,2020-05-19,26.9,4.813,100,16.67,rain,18,261.1,2020-05-19T05:47:40,2020-05-19T18:15:38
7.157,81.224,2020-05-20,27.8,0.588,100,4.17,rain,11.9,278.3,2020-05-20T05:47:36,2020-05-20T18:15:49
7.157,81.224,2020-05-21,27.6,1.823,100,16.67,rain,14,259.9,2020-05-21T05:47:32,2020-05-21T18:16:00
7.157,81.224,2020-05-22,27.5,0.834,100,20.83,rain,9.6,236.4,2020-05-22T05:47:30,2020-05-22T18:16:11
7.157,81.224,2020-05-23,28,2.708,100,12.5,rain,14.7,289.9,2020-05-23T05:47:28,2020-05-23T18:16:23
7.157,81.224,2020-05-24,28.1,0.1,100,4.17,rain,9.1,353.2,2020-05-24T05:47:27,2020-05-24T18:16:35
7.157,81.224,2020-05-25,27.8,0,0,0,,7.1,348,2020-05-25T05:47:26,2020-05-25T18:16:48
7.157,81.224,2020-05-26,27.8,1.832,100,8.33,rain,7.7,338.7,2020-05-26T05:47:26,2020-05-26T18:17:00
7.157,81.224,2020-05-27,27.9,3.486,100,16.67,rain,5.3,283.1,2020-05-27T05:47:27,2020-05-27T18:17:13
7.157,81.224,2020-05-28,28.2,7.304,100,8.33,rain,10.3,220.2,2020-05-28T05:47:29,2020-05-28T18:17:27
7.157,81.224,2020-05-29,27.7,5.931,100,8.33,rain,7.2,107.1,2020-05-29T05:47:31,2020-05-29T18:17:40
7.157,81.224,2020-05-30,27.7,1.8,100,16.67,rain,8.5,349.5,2020-05-30T05:47:34,2020-05-30T18:17:54
7.157,81.224,2020-05-31,27,0.161,100,4.17,rain,11.2,318.4,2020-05-31T05:47:37,2020-05-31T18:18:08
7.157,81.224,2020-06-01,26.8,0.05,100,4.17,rain,11.4,352.1,2020-06-01T05:47:41,2020-06-01T18:18:22
7.157,81.224,2020-06-02,26.8,0.3,100,12.5,rain,7.6,333.2,2020-06-02T05:47:46,2020-06-02T18:18:36
7.157,81.224,2020-06-03,26.8,0,0,0,,11.2,283.1,2020-06-03T05:47:51,2020-06-03T18:18:50
7.157,81.224,2020-06-04,27.3,0,0,0,,10.1,290.4,2020-06-04T05:47:57,2020-06-04T18:19:05
7.157,81.224,2020-06-05,27.3,0,0,0,,9,284.1,2020-06-05T05:48:04,2020-06-05T18:19:19
7.157,81.224,2020-06-06,26.3,0.315,100,16.67,rain,8.9,289.5,2020-06-06T05:48:11,2020-06-06T18:19:34
7.157,81.224,2020-06-07,26.1,8.199,100,33.33,rain,16.5,290.8,2020-06-07T05:48:18,2020-06-07T18:19:49
7.157,81.224,2020-06-08,26.3,5.304,100,12.5,rain,15.7,289.5,2020-06-08T05:48:26,2020-06-08T18:20:03
7.157,81.224,2020-06-09,27.7,0.08,100,4.17,rain,16.8,288.3,2020-06-09T05:48:35,2020-06-09T18:20:18
7.157,81.224,2020-06-10,27.6,1.725,100,20.83,rain,10.8,271.7,2020-06-10T05:48:44,2020-06-10T18:20:33
7.157,81.224,2020-06-11,27.3,11.449,100,25,rain,13.6,266.6,2020-06-11T05:48:54,2020-06-11T18:20:48
7.157,81.224,2020-06-12,27.4,2.257,100,25,rain,17.9,294.7,2020-06-12T05:49:04,2020-06-12T18:21:02
7.157,81.224,2020-06-13,28.2,0.047,100,4.17,rain,16.8,303,2020-06-13T05:49:14,2020-06-13T18:21:17
7.157,81.224,2020-06-14,28.1,0.796,100,12.5,rain,14.4,277.6,2020-06-14T05:49:25,2020-06-14T18:21:31
7.157,81.224,2020-06-15,28.1,0.769,100,12.5,rain,14.4,280.7,2020-06-15T05:49:36,2020-06-15T18:21:46
7.157,81.224,2020-06-16,28.1,0.024,100,4.17,rain,9.1,280.3,2020-06-16T05:49:47,2020-06-16T18:22:00
7.157,81.224,2020-06-17,28,0.08,100,4.17,rain,10.9,294.6,2020-06-17T05:49:59,2020-06-17T18:22:14
7.157,81.224,2020-06-18,28.6,0.219,100,12.5,rain,14.7,289.8,2020-06-18T05:50:11,2020-06-18T18:22:27
7.157,81.224,2020-06-19,28.3,1.74,100,12.5,rain,10.1,310.4,2020-06-19T05:50:24,2020-06-19T18:22:41
7.157,81.224,2020-06-20,29.1,4.113,100,4.17,rain,11.6,294.7,2020-06-20T05:50:37,2020-06-20T18:22:54
7.157,81.224,2020-06-21,28,0.068,100,12.5,rain,14.8,284,2020-06-21T05:50:49,2020-06-21T18:23:07
7.157,81.224,2020-06-22,28.2,0.367,100,16.67,rain,13.6,297.2,2020-06-22T05:51:03,2020-06-22T18:23:20
7.157,81.224,2020-06-23,27.3,0.8,100,12.5,rain,8.6,266.2,2020-06-23T05:51:16,2020-06-23T18:23:32
7.157,81.224,2020-06-24,26.8,25.041,100,12.5,rain,6.8,71.6,2020-06-24T05:51:30,2020-06-24T18:23:44
7.157,81.224,2020-06-25,24.8,60.947,100,29.17,rain,11.4,82.8,2020-06-25T05:51:43,2020-06-25T18:23:56
7.157,81.224,2020-06-26,25.6,7.972,100,25,rain,13,338.2,2020-06-26T05:51:57,2020-06-26T18:24:07
7.157,81.224,2020-06-27,27.1,0.725,100,16.67,rain,13.9,303.7,2020-06-27T05:52:11,2020-06-27T18:24:18
7.157,81.224,2020-06-28,26.8,0.037,100,4.17,rain,9.7,295.8,2020-06-28T05:52:25,2020-06-28T18:24:29
7.157,81.224,2020-06-29,27,1.143,100,12.5,rain,12.3,307.2,2020-06-29T05:52:39,2020-06-29T18:24:39
7.157,81.224,2020-06-30,27,0.238,100,20.83,rain,10.5,271.9,2020-06-30T05:52:53,2020-06-30T18:24:48
7.157,81.224,2020-07-01,27.5,0,0,0,,8.8,297.1,2020-07-01T05:53:07,2020-07-01T18:24:57
7.157,81.224,2020-07-02,28,0.141,100,4.17,rain,9.4,297.2,2020-07-02T05:53:21,2020-07-02T18:25:06
7.157,81.224,2020-07-03,27.7,2.088,100,12.5,rain,11.3,288.6,2020-07-03T05:53:35,2020-07-03T18:25:14
7.157,81.224,2020-07-04,27.6,0.177,100,12.5,rain,12.1,256.2,2020-07-04T05:53:49,2020-07-04T18:25:21
7.157,81.224,2020-07-05,27.9,0,0,0,,9.7,272.4,2020-07-05T05:54:03,2020-07-05T18:25:28
7.157,81.224,2020-07-06,27.6,0.119,100,8.33,rain,10,302.6,2020-07-06T05:54:17,2020-07-06T18:25:34
7.157,81.224,2020-07-07,28.3,1.107,100,16.67,rain,9.3,347.2,2020-07-07T05:54:30,2020-07-07T18:25:40
7.157,81.224,2020-07-08,27.2,3.113,100,8.33,rain,7.2,40.2,2020-07-08T05:54:44,2020-07-08T18:25:45
7.157,81.224,2020-07-09,25.8,11.031,100,20.83,rain,10.6,17.3,2020-07-09T05:54:57,2020-07-09T18:25:49
7.157,81.224,2020-07-10,25.2,5.422,100,12.5,rain,6.9,76.5,2020-07-10T05:55:10,2020-07-10T18:25:53
7.157,81.224,2020-07-11,25,3.475,100,16.67,rain,4.7,227.1,2020-07-11T05:55:23,2020-07-11T18:25:56
7.157,81.224,2020-07-12,26.5,0.201,100,12.5,rain,12.6,298.1,2020-07-12T05:55:35,2020-07-12T18:25:59
7.157,81.224,2020-07-13,27,0.1,100,4.17,rain,12.4,309,2020-07-13T05:55:48,2020-07-13T18:26:00
7.157,81.224,2020-07-14,26.8,4.456,100,8.33,rain,10.2,244.8,2020-07-14T05:56:00,2020-07-14T18:26:01
7.157,81.224,2020-07-15,26.5,2.499,100,12.5,rain,9.4,238,2020-07-15T05:56:12,2020-07-15T18:26:02
7.157,81.224,2020-07-16,26.1,1.747,100,25,rain,12.2,277.4,2020-07-16T05:56:23,2020-07-16T18:26:01
7.157,81.224,2020-07-17,27,0.047,100,4.17,rain,12.6,307.3,2020-07-17T05:56:34,2020-07-17T18:26:00
7.157,81.224,2020-07-18,25.6,19.997,100,16.67,rain,8.2,12.9,2020-07-18T05:56:45,2020-07-18T18:25:58
7.157,81.224,2020-07-19,25.3,8.551,100,8.33,rain,8.2,86.7,2020-07-19T05:56:56,2020-07-19T18:25:56
7.157,81.224,2020-07-20,24.3,6.594,100,12.5,rain,7.9,155.2,2020-07-20T05:57:06,2020-07-20T18:25:53
7.157,81.224,2020-07-21,25.3,8.715,100,16.67,rain,7.3,232.1,2020-07-21T05:57:16,2020-07-21T18:25:48
7.157,81.224,2020-07-22,25.3,0.616,100,12.5,rain,6.6,208.8,2020-07-22T05:57:25,2020-07-22T18:25:44
7.157,81.224,2020-07-23,25,13.613,100,20.83,rain,9.2,223.1,2020-07-23T05:57:34,2020-07-23T18:25:38
7.157,81.224,2020-07-24,25.6,0.05,100,8.33,rain,10,288.5,2020-07-24T05:57:43,2020-07-24T18:25:32
7.157,81.224,2020-07-25,24.7,4.9,100,16.67,rain,9.6,267.5,2020-07-25T05:57:51,2020-07-25T18:25:25
7.157,81.224,2020-07-26,25.3,0.037,100,8.33,rain,12.2,301.3,2020-07-26T05:57:59,2020-07-26T18:25:17
7.157,81.224,2020-07-27,25.9,0.016,100,4.17,rain,11.9,289,2020-07-27T05:58:06,2020-07-27T18:25:08
7.157,81.224,2020-07-28,23.7,3.624,100,25,rain,6.5,208.1,2020-07-28T05:58:13,2020-07-28T18:24:59
7.157,81.224,2020-07-29,25.4,3.704,100,29.17,rain,16.3,289.8,2020-07-29T05:58:19,2020-07-29T18:24:49
7.157,81.224,2020-07-30,25.6,1.532,100,8.33,rain,15.4,282.9,2020-07-30T05:58:25,2020-07-30T18:24:38
7.157,81.224,2020-07-31,26.7,0.337,100,12.5,rain,13.3,275.4,2020-07-31T05:58:30,2020-07-31T18:24:26
7.157,81.224,2020-08-01,26.5,0.675,100,20.83,rain,13,292.5,2020-08-01T05:58:35,2020-08-01T18:24:14
7.157,81.224,2020-08-02,26.3,6.864,100,33.33,rain,19.6,287.4,2020-08-02T05:58:40,2020-08-02T18:24:01
7.157,81.224,2020-08-03,25.9,2.984,100,33.33,rain,18.6,278.4,2020-08-03T05:58:44,2020-08-03T18:23:47
7.157,81.224,2020-08-04,26.5,3.395,100,29.17,rain,23.6,276.8,2020-08-04T05:58:48,2020-08-04T18:23:32
7.157,81.224,2020-08-05,26.6,1.421,100,25,rain,22.8,260.2,2020-08-05T05:58:51,2020-08-05T18:23:17
7.157,81.224,2020-08-06,25.1,12.041,100,33.33,rain,23.8,224.8,2020-08-06T05:58:53,2020-08-06T18:23:01
7.157,81.224,2020-08-07,26.2,14.802,100,33.33,rain,15,288.4,2020-08-07T05:58:56,2020-08-07T18:22:44
7.157,81.224,2020-08-08,26.4,1.902,100,20.83,rain,13.3,287.9,2020-08-08T05:58:57,2020-08-08T18:22:26
7.157,81.224,2020-08-09,25.5,14.069,100,33.33,rain,16.8,302.7,2020-08-09T05:58:59,2020-08-09T18:22:08
7.157,81.224,2020-08-10,26.2,2.062,100,29.17,rain,12.4,292.8,2020-08-10T05:58:59,2020-08-10T18:21:49
7.157,81.224,2020-08-11,25.8,15.173,100,25,rain,10.8,290.5,2020-08-11T05:59:00,2020-08-11T18:21:30
7.157,81.224,2020-08-12,26.4,0.012,100,4.17,rain,13.7,288.5,2020-08-12T05:58:59,2020-08-12T18:21:10
7.157,81.224,2020-08-13,26.5,0,0,0,,13,287.5,2020-08-13T05:58:59,2020-08-13T18:20:49
7.157,81.224,2020-08-14,26.6,0,0,0,,12.6,290.8,2020-08-14T05:58:58,2020-08-14T18:20:27
7.157,81.224,2020-08-15,26.8,0,0,0,,13,293,2020-08-15T05:58:56,2020-08-15T18:20:05
7.157,81.224,2020-08-16,26.5,0,0,0,,13,284.3,2020-08-16T05:58:54,2020-08-16T18:19:43
7.157,81.224,2020-08-17,27.5,0,0,0,,10.5,330.9,2020-08-17T05:58:52,2020-08-17T18:19:19
7.157,81.224,2020-08-18,27.6,2.127,100,4.17,rain,10.6,302.8,2020-08-18T05:58:49,2020-08-18T18:18:56
7.157,81.224,2020-08-19,27.3,0,0,0,,8.3,20.8,2020-08-19T05:58:46,2020-08-19T18:18:31
7.157,81.224,2020-08-20,28,0,0,0,,10.1,355.1,2020-08-20T05:58:42,2020-08-20T18:18:06
7.157,81.224,2020-08-21,28.1,0,0,0,,9,28.8,2020-08-21T05:58:38,2020-08-21T18:17:41
7.157,81.224,2020-08-22,28,3.393,100,4.17,rain,8.6,101.1,2020-08-22T05:58:34,2020-08-22T18:17:15
7.157,81.224,2020-08-23,28,12.44,100,16.67,rain,9.5,1.6,2020-08-23T05:58:29,2020-08-23T18:16:48
7.157,81.224,2020-08-24,28.1,0.062,100,4.17,rain,11.2,43.6,2020-08-24T05:58:24,2020-08-24T18:16:21
7.157,81.224,2020-08-25,26.9,18.909,100,12.5,rain,7.9,35.6,2020-08-25T05:58:19,2020-08-25T18:15:54
7.157,81.224,2020-08-26,26.9,12.662,100,16.67,rain,8,254.7,2020-08-26T05:58:13,2020-08-26T18:15:26
7.157,81.224,2020-08-27,26.7,13.714,100,16.67,rain,7.1,282.7,2020-08-27T05:58:07,2020-08-27T18:14:57
7.157,81.224,2020-08-28,26.4,0.584,100,12.5,rain,6.9,277.1,2020-08-28T05:58:00,2020-08-28T18:14:28
7.157,81.224,2020-08-29,27,0,0,0,,8.7,331.8,2020-08-29T05:57:53,2020-08-29T18:13:59
7.157,81.224,2020-08-30,26.9,1.163,100,4.17,rain,7.6,300.9,2020-08-30T05:57:46,2020-08-30T18:13:30
7.157,81.224,2020-08-31,27.2,19.727,100,8.33,rain,9,10.3,2020-08-31T05:57:39,2020-08-31T18:13:00
7.157,81.224,2020-09-01,25.5,5.368,100,12.5,rain,5.6,45.4,2020-09-01T05:57:31,2020-09-01T18:12:29
7.157,81.224,2020-09-02,24.3,1.765,100,25,rain,5.1,17.5,2020-09-02T05:57:24,2020-09-02T18:11:59
7.157,81.224,2020-09-03,25.1,1.4,100,25,rain,8.6,13.5,2020-09-03T05:57:15,2020-09-03T18:11:28
7.157,81.224,2020-09-04,26.3,0.665,100,4.17,rain,13,14.9,2020-09-04T05:57:07,2020-09-04T18:10:57
7.157,81.224,2020-09-05,25.4,9.258,100,25,rain,7.2,329.5,2020-09-05T05:56:59,2020-09-05T18:10:25
7.157,81.224,2020-09-06,24.1,40.286,100,20.83,rain,14.7,340.3,2020-09-06T05:56:50,2020-09-06T18:09:53
7.157,81.224,2020-09-07,24.2,1.38,100,12.5,rain,17.4,287,2020-09-07T05:56:41,2020-09-07T18:09:21
7.157,81.224,2020-09-08,25.9,0.53,100,16.67,rain,12.7,260.5,2020-09-08T05:56:32,2020-09-08T18:08:49
7.157,81.224,2020-09-09,25.7,1.371,100,25,rain,15,263.4,2020-09-09T05:56:23,2020-09-09T18:08:17
7.157,81.224,2020-09-10,25.9,5.748,100,25,rain,15.7,277.8,2020-09-10T05:56:14,2020-09-10T18:07:44
7.157,81.224,2020-09-11,26.9,0.047,100,4.17,rain,14.4,279.1,2020-09-11T05:56:04,2020-09-11T18:07:12
7.157,81.224,2020-09-12,26,0.645,100,16.67,rain,15.7,295,2020-09-12T05:55:55,2020-09-12T18:06:39
7.157,81.224,2020-09-13,25.9,2.298,100,33.33,rain,15.4,291.8,2020-09-13T05:55:45,2020-09-13T18:06:06
7.157,81.224,2020-09-14,26,0.39,100,20.83,rain,12.4,270.6,2020-09-14T05:55:35,2020-09-14T18:05:33
7.157,81.224,2020-09-15,26.4,0.637,100,16.67,rain,13.8,269.2,2020-09-15T05:55:26,2020-09-15T18:05:00
7.157,81.224,2020-09-16,27.3,0.083,100,12.5,rain,15,268.6,2020-09-16T05:55:16,2020-09-16T18:04:27
7.157,81.224,2020-09-17,26.6,0.333,100,25,rain,11,278.7,2020-09-17T05:55:06,2020-09-17T18:03:54
7.157,81.224,2020-09-18,26.2,24.01,100,33.33,rain,19.4,261.9,2020-09-18T05:54:57,2020-09-18T18:03:20
7.157,81.224,2020-09-19,26,7.086,100,33.33,rain,17.4,272.5,2020-09-19T05:54:47,2020-09-19T18:02:47
7.157,81.224,2020-09-20,26.3,7.766,100,29.17,rain,20,284,2020-09-20T05:54:37,2020-09-20T18:02:14
7.157,81.224,2020-09-21,25.9,5.505,100,33.33,rain,16.8,261.1,2020-09-21T05:54:28,2020-09-21T18:01:41
7.157,81.224,2020-09-22,25.8,2.007,100,25,rain,15.7,281.5,2020-09-22T05:54:18,2020-09-22T18:01:08
7.157,81.224,2020-09-23,26.3,0.973,100,20.83,rain,8.8,309.5,2020-09-23T05:54:09,2020-09-23T18:00:36
7.157,81.224,2020-09-24,25.2,16.736,100,12.5,rain,7.7,137.1,2020-09-24T05:54:00,2020-09-24T18:00:03
7.157,81.224,2020-09-25,25,0.1,100,4.17,rain,5.9,315.3,2020-09-25T05:53:51,2020-09-25T17:59:30
7.157,81.224,2020-09-26,25.4,16.409,100,12.5,rain,8.5,292,2020-09-26T05:53:42,2020-09-26T17:58:58
7.157,81.224,2020-09-27,25.7,3.829,100,4.17,rain,7.9,211.6,2020-09-27T05:53:33,2020-09-27T17:58:26
7.157,81.224,2020-09-28,25.4,6.022,100,16.67,rain,9.5,251.7,2020-09-28T05:53:24,2020-09-28T17:57:54
7.157,81.224,2020-09-29,25,0.936,100,16.67,rain,9,251.9,2020-09-29T05:53:16,2020-09-29T17:57:22
7.157,81.224,2020-09-30,25.8,1.152,100,16.67,rain,10.5,283.8,2020-09-30T05:53:08,2020-09-30T17:56:51
7.157,81.224,2020-10-01,25.8,0.016,100,4.17,rain,9.7,292.3,2020-10-01T05:53:00,2020-10-01T17:56:20
7.157,81.224,2020-10-02,26.1,0.025,100,4.17,rain,12.2,285.9,2020-10-02T05:52:53,2020-10-02T17:55:49
7.157,81.224,2020-10-03,26.5,1.319,100,20.83,rain,15.7,293.2,2020-10-03T05:52:45,2020-10-03T17:55:18
7.157,81.224,2020-10-04,26,0.097,100,4.17,rain,15,297.2,2020-10-04T05:52:38,2020-10-04T17:54:48
7.157,81.224,2020-10-05,26.4,0,0,0,,8.3,300,2020-10-05T05:52:32,2020-10-05T17:54:18
7.157,81.224,2020-10-06,26.1,0.1,100,4.17,rain,11.4,60.3,2020-10-06T05:52:25,2020-10-06T17:53:49
7.157,81.224,2020-10-07,25.9,0,0,0,,6.8,338.7,2020-10-07T05:52:19,2020-10-07T17:53:20
7.157,81.224,2020-10-08,26.8,0,0,0,,7.6,13.4,2020-10-08T05:52:14,2020-10-08T17:52:52
7.157,81.224,2020-10-09,25.7,6.565,100,20.83,rain,7.8,351.3,2020-10-09T05:52:09,2020-10-09T17:52:24
7.157,81.224,2020-10-10,26.5,0.633,100,12.5,rain,9.6,300.7,2020-10-10T05:52:04,2020-10-10T17:51:56
7.157,81.224,2020-10-11,26.4,5.597,100,29.17,rain,17.4,285.8,2020-10-11T05:52:00,2020-10-11T17:51:29
7.157,81.224,2020-10-12,27,2.22,100,20.83,rain,21.8,267,2020-10-12T05:51:56,2020-10-12T17:51:02
7.157,81.224,2020-10-13,27,2.083,100,29.17,rain,28.8,259.3,2020-10-13T05:51:52,2020-10-13T17:50:36
7.157,81.224,2020-10-14,26.3,7.812,100,33.33,rain,22.8,272.1,2020-10-14T05:51:49,2020-10-14T17:50:11
7.157,81.224,2020-10-15,26.5,3.362,100,29.17,rain,17.4,289.2,2020-10-15T05:51:47,2020-10-15T17:49:46
7.157,81.224,2020-10-16,26.9,0.435,100,8.33,rain,20.2,296.5,2020-10-16T05:51:45,2020-10-16T17:49:22
7.157,81.224,2020-10-17,25.9,0,0,0,,11.9,306.7,2020-10-17T05:51:44,2020-10-17T17:48:59
7.157,81.224,2020-10-18,26.5,0.1,100,4.17,rain,11.2,326.4,2020-10-18T05:51:43,2020-10-18T17:48:36
7.157,81.224,2020-10-19,26.4,0,0,0,,11.2,311.1,2020-10-19T05:51:43,2020-10-19T17:48:14
7.157,81.224,2020-10-20,27.2,0.047,100,4.17,rain,14.8,302.1,2020-10-20T05:51:43,2020-10-20T17:47:52
7.157,81.224,2020-10-21,26.9,1.707,100,33.33,rain,25.9,275.9,2020-10-21T05:51:44,2020-10-21T17:47:31
7.157,81.224,2020-10-22,27,0.882,100,16.67,rain,33.5,283.3,2020-10-22T05:51:46,2020-10-22T17:47:11
7.157,81.224,2020-10-23,26.7,0,0,0,,14.8,295.4,2020-10-23T05:51:48,2020-10-23T17:46:52
7.157,81.224,2020-10-24,26.4,0.831,100,4.17,rain,11.2,305.3,2020-10-24T05:51:51,2020-10-24T17:46:33
7.157,81.224,2020-10-25,26.5,2.483,100,8.33,rain,8.9,15.4,2020-10-25T05:51:54,2020-10-25T17:46:16
7.157,81.224,2020-10-26,26.5,1.725,100,12.5,rain,10.4,20.7,2020-10-26T05:51:58,2020-10-26T17:45:59
7.157,81.224,2020-10-27,25.5,13.861,100,25,rain,7.1,358.1,2020-10-27T05:52:03,2020-10-27T17:45:43
7.157,81.224,2020-10-28,25.5,1.392,100,12.5,rain,7.9,20,2020-10-28T05:52:09,2020-10-28T17:45:28
7.157,81.224,2020-10-29,26,1.532,100,16.67,rain,7.9,342.9,2020-10-29T05:52:15,2020-10-29T17:45:13
7.157,81.224,2020-10-30,26,22.435,100,16.67,rain,8.3,347.1,2020-10-30T05:52:22,2020-10-30T17:45:00
7.157,81.224,2020-10-31,26.1,19.006,100,25,rain,6.8,34.9,2020-10-31T05:52:29,2020-10-31T17:44:47
7.157,81.224,2020-11-01,26.4,3.622,100,12.5,rain,7.2,24.8,2020-11-01T05:52:38,2020-11-01T17:44:35
7.157,81.224,2020-11-02,26.5,0.905,100,16.67,rain,9.4,43,2020-11-02T05:52:47,2020-11-02T17:44:25
7.157,81.224,2020-11-03,26,36.366,100,20.83,rain,9.1,25.2,2020-11-03T05:52:56,2020-11-03T17:44:15
7.157,81.224,2020-11-04,24.9,13.604,100,25,rain,6.1,10.5,2020-11-04T05:53:07,2020-11-04T17:44:06
7.157,81.224,2020-11-05,25,16.722,100,25,rain,8.6,55.7,2020-11-05T05:53:18,2020-11-05T17:43:58
7.157,81.224,2020-11-06,24.7,10.575,100,25,rain,10.1,70.9,2020-11-06T05:53:30,2020-11-06T17:43:51
7.157,81.224,2020-11-07,24.5,2.691,100,29.17,rain,12.5,36.8,2020-11-07T05:53:42,2020-11-07T17:43:45
7.157,81.224,2020-11-08,23.7,28.321,100,33.33,rain,8.3,11.1,2020-11-08T05:53:56,2020-11-08T17:43:40
7.157,81.224,2020-11-09,23.7,7.325,100,29.17,rain,11.9,348.6,2020-11-09T05:54:10,2020-11-09T17:43:36
7.157,81.224,2020-11-10,23.9,4.791,100,20.83,rain,6.7,4.1,2020-11-10T05:54:25,2020-11-10T17:43:33
7.157,81.224,2020-11-11,24.4,33.469,100,29.17,rain,6.8,53.7,2020-11-11T05:54:40,2020-11-11T17:43:31
7.157,81.224,2020-11-12,24.4,6.764,100,25,rain,7.5,71.1,2020-11-12T05:54:57,2020-11-12T17:43:30
7.157,81.224,2020-11-13,24.8,8.818,100,25,rain,8.6,40.7,2020-11-13T05:55:14,2020-11-13T17:43:30
7.157,81.224,2020-11-14,24.1,7.242,100,29.17,rain,10.8,8.6,2020-11-14T05:55:31,2020-11-14T17:43:30
7.157,81.224,2020-11-15,24.8,8.179,100,20.83,rain,13.3,127.1,2020-11-15T05:55:50,2020-11-15T17:43:32
7.157,81.224,2020-11-16,23.4,20.354,100,25,rain,6.8,126.6,2020-11-16T05:56:09,2020-11-16T17:43:35
7.157,81.224,2020-11-17,23.9,8.751,100,29.17,rain,10.1,140,2020-11-17T05:56:29,2020-11-17T17:43:39
7.157,81.224,2020-11-18,23.9,17.934,100,25,rain,11.6,124.1,2020-11-18T05:56:49,2020-11-18T17:43:44
7.157,81.224,2020-11-19,24.4,3.71,100,20.83,rain,9.7,21.7,2020-11-19T05:57:10,2020-11-19T17:43:50
7.157,81.224,2020-11-20,23.7,2.12,100,12.5,rain,12.8,12.6,2020-11-20T05:57:32,2020-11-20T17:43:57
7.157,81.224,2020-11-21,23.2,15.155,100,20.83,rain,11,342,2020-11-21T05:57:54,2020-11-21T17:44:05
7.157,81.224,2020-11-22,22.5,8.396,100,33.33,rain,9.7,320.2,2020-11-22T05:58:17,2020-11-22T17:44:14
7.157,81.224,2020-11-23,23.5,3.381,100,12.5,rain,10.8,306.8,2020-11-23T05:58:41,2020-11-23T17:44:24
7.157,81.224,2020-11-24,24.2,3.168,100,20.83,rain,11.5,299.3,2020-11-24T05:59:05,2020-11-24T17:44:35
7.157,81.224,2020-11-25,25.1,0.655,100,20.83,rain,6.9,292,2020-11-25T05:59:30,2020-11-25T17:44:47
7.157,81.224,2020-11-26,25,0.731,100,12.5,rain,9.3,329.8,2020-11-26T05:59:55,2020-11-26T17:44:59
7.157,81.224,2020-11-27,24.5,32.717,100,12.5,rain,7.9,329.9,2020-11-27T06:00:21,2020-11-27T17:45:13
7.157,81.224,2020-11-28,24.3,5.573,100,16.67,rain,8.4,16.3,2020-11-28T06:00:48,2020-11-28T17:45:28
7.157,81.224,2020-11-29,24.4,0.282,100,8.33,rain,9.4,357,2020-11-29T06:01:14,2020-11-29T17:45:43
7.157,81.224,2020-11-30,24.2,1.63,100,16.67,rain,12.2,342.3,2020-11-30T06:01:42,2020-11-30T17:46:00
7.157,81.224,2020-12-01,22.8,7.034,100,33.33,rain,13.3,318.2,2020-12-01T06:02:09,2020-12-01T17:46:17
7.157,81.224,2020-12-02,23.2,12.571,100,33.33,rain,14,282,2020-12-02T06:02:37,2020-12-02T17:46:35
7.157,81.224,2020-12-03,24.3,5.442,100,33.33,rain,9.7,240.1,2020-12-03T06:03:06,2020-12-03T17:46:54
7.157,81.224,2020-12-04,24.3,1.755,100,29.17,rain,8.9,312.4,2020-12-04T06:03:35,2020-12-04T17:47:14
7.157,81.224,2020-12-05,24.3,1.785,100,16.67,rain,8.8,333.5,2020-12-05T06:04:04,2020-12-05T17:47:35
7.157,81.224,2020-12-06,24.6,1.127,100,16.67,rain,8.6,17,2020-12-06T06:04:33,2020-12-06T17:47:56
7.157,81.224,2020-12-07,25.4,0.017,100,4.17,rain,7.1,58.4,2020-12-07T06:05:03,2020-12-07T17:48:18
7.157,81.224,2020-12-08,23.7,4.339,100,25,rain,7.9,60.5,2020-12-08T06:05:33,2020-12-08T17:48:41
7.157,81.224,2020-12-09,23.8,0.054,100,4.17,rain,10.1,3.1,2020-12-09T06:06:03,2020-12-09T17:49:04
7.157,81.224,2020-12-10,23.8,0.081,100,4.17,rain,10.1,357.5,2020-12-10T06:06:33,2020-12-10T17:49:28
7.157,81.224,2020-12-11,23,0,0,0,,11.5,346.9,2020-12-11T06:07:04,2020-12-11T17:49:53
7.157,81.224,2020-12-12,22.7,0,0,0,,9,334.2,2020-12-12T06:07:34,2020-12-12T17:50:19
7.157,81.224,2020-12-13,22.9,0.012,100,4.17,rain,10.8,340.7,2020-12-13T06:08:05,2020-12-13T17:50:45
7.157,81.224,2020-12-14,22.3,0.903,100,4.17,rain,11.2,337.7,2020-12-14T06:08:36,2020-12-14T17:51:11
7.157,81.224,2020-12-15,22.6,0.078,100,12.5,rain,8.4,333.2,2020-12-15T06:09:06,2020-12-15T17:51:38
7.157,81.224,2020-12-16,23.5,0,0,0,,7.2,30.7,2020-12-16T06:09:37,2020-12-16T17:52:06
7.157,81.224,2020-12-17,23.6,2.738,100,8.33,rain,6.3,36.5,2020-12-17T06:10:07,2020-12-17T17:52:34
7.157,81.224,2020-12-18,23.1,8.854,100,16.67,rain,8.3,356.8,2020-12-18T06:10:38,2020-12-18T17:53:03
7.157,81.224,2020-12-19,23,10.476,100,33.33,rain,10.7,26.8,2020-12-19T06:11:08,2020-12-19T17:53:32
7.157,81.224,2020-12-20,22.4,40.536,100,33.33,rain,11.2,22.6,2020-12-20T06:11:38,2020-12-20T17:54:01
7.157,81.224,2020-12-21,22.6,37.296,100,33.33,rain,6.8,5.6,2020-12-21T06:12:08,2020-12-21T17:54:30
7.157,81.224,2020-12-22,22,30.164,100,33.33,rain,7.9,322,2020-12-22T06:12:38,2020-12-22T17:55:00
7.157,81.224,2020-12-23,22.4,4.125,100,25,rain,10.1,334.9,2020-12-23T06:13:07,2020-12-23T17:55:31
7.157,81.224,2020-12-24,23,3.109,100,20.83,rain,10.4,356.8,2020-12-24T06:13:37,2020-12-24T17:56:01
7.157,81.224,2020-12-25,22.9,0.429,100,4.17,rain,11.9,349.3,2020-12-25T06:14:05,2020-12-25T17:56:32
7.157,81.224,2020-12-26,22,2.631,100,20.83,rain,12.5,343.3,2020-12-26T06:14:34,2020-12-26T17:57:02
7.157,81.224,2020-12-27,22.8,33.336,100,33.33,rain,7.6,341,2020-12-27T06:15:02,2020-12-27T17:57:33
7.157,81.224,2020-12-28,23,25.993,100,29.17,rain,9,342.7,2020-12-28T06:15:30,2020-12-28T17:58:04
7.157,81.224,2020-12-29,24.6,5.839,100,12.5,rain,9,61.5,2020-12-29T06:15:57,2020-12-29T17:58:36
7.157,81.224,2020-12-30,23.4,2.026,100,16.67,rain,9.4,41.3,2020-12-30T06:16:24,2020-12-30T17:59:07
7.157,81.224,2020-12-31,22.5,29.018,100,33.33,rain,11.2,82.7,2020-12-31T06:16:50,2020-12-31T17:59:38
7.157,81.224,2021-01-01,21.9,43.848,100,37.5,rain,7.9,4.5,2021-01-01T06:17:15,2021-01-01T18:00:09
7.157,81.224,2021-01-02,23,4.221,100,20.83,rain,13.2,11.8,2021-01-02T06:17:41,2021-01-02T18:00:40
7.157,81.224,2021-01-03,23.3,17.059,100,29.17,rain,9,68.5,2021-01-03T06:18:05,2021-01-03T18:01:11
7.157,81.224,2021-01-04,23.2,36.301,100,33.33,rain,7.9,55.4,2021-01-04T06:18:29,2021-01-04T18:01:42
7.157,81.224,2021-01-05,23.6,4.335,100,16.67,rain,9,26.8,2021-01-05T06:18:52,2021-01-05T18:02:13
7.157,81.224,2021-01-06,23.6,3.821,100,12.5,rain,8.7,118.7,2021-01-06T06:19:15,2021-01-06T18:02:43
7.157,81.224,2021-01-07,23.6,5.083,100,8.33,rain,7.2,3.8,2021-01-07T06:19:36,2021-01-07T18:03:13
7.157,81.224,2021-01-08,24,0.795,100,12.5,rain,6.5,349.3,2021-01-08T06:19:57,2021-01-08T18:03:43
7.157,81.224,2021-01-09,22.3,19.859,100,29.17,rain,8.6,340.3,2021-01-09T06:20:18,2021-01-09T18:04:13
7.157,81.224,2021-01-10,22.3,12.928,100,33.33,rain,7.5,327.1,2021-01-10T06:20:37,2021-01-10T18:04:43
7.157,81.224,2021-01-11,22.8,27.268,100,33.33,rain,6.5,324.5,2021-01-11T06:20:56,2021-01-11T18:05:12
7.157,81.224,2021-01-12,22.9,7.303,100,29.17,rain,11.9,122.8,2021-01-12T06:21:14,2021-01-12T18:05:41
7.157,81.224,2021-01-13,23.2,7.487,100,33.33,rain,10.8,112.1,2021-01-13T06:21:31,2021-01-13T18:06:09
7.157,81.224,2021-01-14,23.3,13.835,100,33.33,rain,7.4,72.3,2021-01-14T06:21:47,2021-01-14T18:06:37
7.157,81.224,2021-01-15,22.5,11.486,100,25,rain,5.4,37.1,2021-01-15T06:22:03,2021-01-15T18:07:04
7.157,81.224,2021-01-16,23.5,1.837,100,12.5,rain,6.5,343.2,2021-01-16T06:22:17,2021-01-16T18:07:31
7.157,81.224,2021-01-17,22.8,0.298,100,12.5,rain,8.5,338.3,2021-01-17T06:22:31,2021-01-17T18:07:58
7.157,81.224,2021-01-18,22.2,6.149,100,29.17,rain,14.2,349.4,2021-01-18T06:22:44,2021-01-18T18:08:24
7.157,81.224,2021-01-19,22.8,1.616,100,20.83,rain,9,331.8,2021-01-19T06:22:55,2021-01-19T18:08:50
7.157,81.224,2021-01-20,24.4,6.368,100,20.83,rain,21.8,341.9,2021-01-20T06:23:06,2021-01-20T18:09:15
7.157,81.224,2021-01-21,24.7,0.093,100,4.17,rain,7.9,34.9,2021-01-21T06:23:16,2021-01-21T18:09:39
7.157,81.224,2021-01-22,23.9,0.072,100,8.33,rain,8.6,16.6,2021-01-22T06:23:25,2021-01-22T18:10:03
7.157,81.224,2021-01-23,22.8,0.7,100,25,rain,9.4,347.6,2021-01-23T06:23:33,2021-01-23T18:10:26
7.157,81.224,2021-01-24,22.7,0.2,100,8.33,rain,11.5,340,2021-01-24T06:23:40,2021-01-24T18:10:49
7.157,81.224,2021-01-25,22.9,0.4,100,16.67,rain,10.1,348.6,2021-01-25T06:23:47,2021-01-25T18:11:11
7.157,81.224,2021-01-26,22,0.2,100,4.17,rain,15.7,347.4,2021-01-26T06:23:52,2021-01-26T18:11:32
7.157,81.224,2021-01-27,21.7,0.3,100,8.33,rain,11.9,336.4,2021-01-27T06:23:56,2021-01-27T18:11:53
7.157,81.224,2021-01-28,22.5,0.158,100,4.17,rain,11.2,333.6,2021-01-28T06:23:59,2021-01-28T18:12:13
7.157,81.224,2021-01-29,23.1,14.22,100,25,rain,9.7,333.3,2021-01-29T06:24:01,2021-01-29T18:12:33
7.157,81.224,2021-01-30,23.1,3.574,100,20.83,rain,8.3,356.3,2021-01-30T06:24:03,2021-01-30T18:12:52
7.157,81.224,2021-01-31,23.3,10.255,100,25,rain,9.3,17.3,2021-01-31T06:24:03,2021-01-31T18:13:10
7.157,81.224,2021-02-01,22.9,3.924,100,33.33,rain,11.3,14.1,2021-02-01T06:24:02,2021-02-01T18:13:27
7.157,81.224,2021-02-02,23.1,9.303,100,29.17,rain,14.4,8.9,2021-02-02T06:24:01,2021-02-02T18:13:44
7.157,81.224,2021-02-03,22.2,16.23,100,25,rain,11.6,359.1,2021-02-03T06:23:58,2021-02-03T18:14:00
7.157,81.224,2021-02-04,22.3,0.97,100,16.67,rain,13,348.6,2021-02-04T06:23:55,2021-02-04T18:14:15
7.157,81.224,2021-02-05,22.4,2.468,100,4.17,rain,11.5,343,2021-02-05T06:23:50,2021-02-05T18:14:30
7.157,81.224,2021-02-06,22.4,8.765,100,20.83,rain,9.7,352.6,2021-02-06T06:23:45,2021-02-06T18:14:44
7.157,81.224,2021-02-07,22.9,6.97,100,25,rain,11.5,358,2021-02-07T06:23:39,2021-02-07T18:14:57
7.157,81.224,2021-02-08,22.6,15.463,100,25,rain,13.6,352.7,2021-02-08T06:23:31,2021-02-08T18:15:10
7.157,81.224,2021-02-09,22.8,0.117,100,4.17,rain,15.5,350.6,2021-02-09T06:23:23,2021-02-09T18:15:22
7.157,81.224,2021-02-10,22.2,0.017,100,4.17,rain,13.3,349.2,2021-02-10T06:23:14,2021-02-10T18:15:33
7.157,81.224,2021-02-11,22.2,0,0,0,,10.4,342.2,2021-02-11T06:23:04,2021-02-11T18:15:43
7.157,81.224,2021-02-12,23.3,0,0,0,,9.4,333.6,2021-02-12T06:22:54,2021-02-12T18:15:53
7.157,81.224,2021-02-13,23.9,1.2,100,29.17,rain,10.8,340.7,2021-02-13T06:22:42,2021-02-13T18:16:02
7.157,81.224,2021-02-14,24.1,2.04,100,16.67,rain,9.7,347.9,2021-02-14T06:22:29,2021-02-14T18:16:11
7.157,81.224,2021-02-15,23.7,2.209,100,16.67,rain,11.5,354.3,2021-02-15T06:22:16,2021-02-15T18:16:19
7.157,81.224,2021-02-16,23.2,0,0,0,,10.1,354.6,2021-02-16T06:22:02,2021-02-16T18:16:26
7.157,81.224,2021-02-17,23.3,42.324,100,4.17,rain,9.6,359.8,2021-02-17T06:21:47,2021-02-17T18:16:32
7.157,81.224,2021-02-18,23,0.1,100,4.17,rain,9.2,356.4,2021-02-18T06:21:31,2021-02-18T18:16:38
7.157,81.224,2021-02-19,24.2,6.978,100,16.67,rain,7.6,8.4,2021-02-19T06:21:15,2021-02-19T18:16:44
7.157,81.224,2021-02-20,25.2,2.7,100,37.5,rain,8.6,32.9,2021-02-20T06:20:58,2021-02-20T18:16:48
7.157,81.224,2021-02-21,24.9,0.016,100,4.17,rain,9.7,27.2,2021-02-21T06:20:40,2021-02-21T18:16:53
7.157,81.224,2021-02-22,23.8,2.282,100,12.5,rain,10.4,3.9,2021-02-22T06:20:21,2021-02-22T18:16:56
7.157,81.224,2021-02-23,23.7,1.069,100,8.33,rain,11.5,358.1,2021-02-23T06:20:02,2021-02-23T18:16:59
7.157,81.224,2021-02-24,23.3,3.529,100,8.33,rain,8.7,2.4,2021-02-24T06:19:42,2021-02-24T18:17:02
7.157,81.224,2021-02-25,24.2,0.1,100,4.17,rain,7.2,11.5,2021-02-25T06:19:21,2021-02-25T18:17:03
7.157,81.224,2021-02-26,24.5,0.2,100,8.33,rain,10.6,17.5,2021-02-26T06:19:00,2021-02-26T18:17:05
7.157,81.224,2021-02-27,24.4,0.2,100,8.33,rain,9.4,57.2,2021-02-27T06:18:38,2021-02-27T18:17:06
7.157,81.224,2021-02-28,24.4,0.1,100,4.17,rain,8.9,83.3,2021-02-28T06:18:16,2021-02-28T18:17:06
7.157,81.224,2021-03-01,23.3,0,0,0,,9,29,2021-03-01T06:17:53,2021-03-01T18:17:06
7.157,81.224,2021-03-02,22.5,0,0,0,,9.4,17.8,2021-03-02T06:17:29,2021-03-02T18:17:05
7.157,81.224,2021-03-03,22.7,0,0,0,,9.8,36.2,2021-03-03T06:17:05,2021-03-03T18:17:04
7.157,81.224,2021-03-04,23.1,0,0,0,,9.2,43.6,2021-03-04T06:16:40,2021-03-04T18:17:03
7.157,81.224,2021-03-05,23,0.3,100,12.5,rain,9.7,339.7,2021-03-05T06:16:15,2021-03-05T18:17:01
7.157,81.224,2021-03-06,23.7,18.531,100,16.67,rain,8.3,339.2,2021-03-06T06:15:50,2021-03-06T18:16:59
7.157,81.224,2021-03-07,23.3,23.449,100,16.67,rain,11.4,60.4,2021-03-07T06:15:24,2021-03-07T18:16:56
7.157,81.224,2021-03-08,24,6.27,100,29.17,rain,11.9,82.7,2021-03-08T06:14:57,2021-03-08T18:16:53
7.157,81.224,2021-03-09,24.3,1.546,100,4.17,rain,9.1,53.4,2021-03-09T06:14:31,2021-03-09T18:16:50
7.157,81.224,2021-03-10,22.3,21.013,100,25,rain,10.1,196.4,2021-03-10T06:14:03,2021-03-10T18:16:46
7.157,81.224,2021-03-11,23.1,13.188,100,20.83,rain,9.9,112.2,2021-03-11T06:13:36,2021-03-11T18:16:42
7.157,81.224,2021-03-12,24.1,0.21,100,8.33,rain,9.9,44.1,2021-03-12T06:13:08,2021-03-12T18:16:38
7.157,81.224,2021-03-13,24.4,0.686,100,4.17,rain,9.5,44.9,2021-03-13T06:12:40,2021-03-13T18:16:34
7.157,81.224,2021-03-14,23.8,0.213,100,16.67,rain,9.7,353.3,2021-03-14T06:12:12,2021-03-14T18:16:29
7.157,81.224,2021-03-15,24.7,0.03,100,4.17,rain,11.5,9.5,2021-03-15T06:11:43,2021-03-15T18:16:24
7.157,81.224,2021-03-16,24.4,1.3,100,20.83,rain,14.3,14.7,2021-03-16T06:11:14,2021-03-16T18:16:19
7.157,81.224,2021-03-17,24.5,1.2,100,25,rain,12.2,39.2,2021-03-17T06:10:45,2021-03-17T18:16:14
7.157,81.224,2021-03-18,23.9,0.298,100,4.17,rain,7.5,343,2021-03-18T06:10:16,2021-03-18T18:16:08
7.157,81.224,2021-03-19,23.1,2.53,100,16.67,rain,10.4,306.7,2021-03-19T06:09:46,2021-03-19T18:16:02
7.157,81.224,2021-03-20,24.1,1.629,100,12.5,rain,7.3,311.1,2021-03-20T06:09:16,2021-03-20T18:15:57
7.157,81.224,2021-03-21,24.2,11.015,100,29.17,rain,7.9,25.8,2021-03-21T06:08:47,2021-03-21T18:15:51
7.157,81.224,2021-03-22,24.9,1.346,100,8.33,rain,10.5,66.5,2021-03-22T06:08:17,2021-03-22T18:15:45
7.157,81.224,2021-03-23,25,1.3,100,33.33,rain,9.4,50.2,2021-03-23T06:07:47,2021-03-23T18:15:39
7.157,81.224,2021-03-24,23.7,5.607,100,16.67,rain,11.4,22,2021-03-24T06:07:17,2021-03-24T18:15:33
7.157,81.224,2021-03-25,23.4,8.583,100,25,rain,9.2,336.8,2021-03-25T06:06:47,2021-03-25T18:15:26
7.157,81.224,2021-03-26,25.1,0.69,100,12.5,rain,11.2,86.2,2021-03-26T06:06:17,2021-03-26T18:15:20
7.157,81.224,2021-03-27,24,7.094,100,29.17,rain,10.9,92.6,2021-03-27T06:05:47,2021-03-27T18:15:14
7.157,81.224,2021-03-28,23.8,45.703,100,29.17,rain,6.7,139.8,2021-03-28T06:05:17,2021-03-28T18:15:08
7.157,81.224,2021-03-29,24.7,6.9,100,16.67,rain,10.5,21,2021-03-29T06:04:47,2021-03-29T18:15:02
7.157,81.224,2021-03-30,25.2,6.118,100,16.67,rain,8.3,304.3,2021-03-30T06:04:17,2021-03-30T18:14:55
7.157,81.224,2021-03-31,26.5,0,0,0,,7.2,319.9,2021-03-31T06:03:48,2021-03-31T18:14:49
7.157,81.224,2021-04-01,26.4,0,0,0,,6.1,279.5,2021-04-01T06:03:18,2021-04-01T18:14:43
7.157,81.224,2021-04-02,26.4,0,0,0,,9.6,97,2021-04-02T06:02:48,2021-04-02T18:14:37
7.157,81.224,2021-04-03,26.3,0,0,0,,9.4,353.3,2021-04-03T06:02:19,2021-04-03T18:14:32
7.157,81.224,2021-04-04,25.7,0,0,0,,7.9,111.5,2021-04-04T06:01:50,2021-04-04T18:14:26
7.157,81.224,2021-04-05,25.8,0.15,100,4.17,rain,7.7,61.8,2021-04-05T06:01:21,2021-04-05T18:14:20
7.157,81.224,2021-04-06,25.8,0.6,100,20.83,rain,9.1,79.4,2021-04-06T06:00:52,2021-04-06T18:14:15
7.157,81.224,2021-04-07,24.7,0.3,100,12.5,rain,7.7,90.8,2021-04-07T06:00:24,2021-04-07T18:14:10
7.157,81.224,2021-04-08,24.9,0.496,100,4.17,rain,10.5,117.6,2021-04-08T05:59:56,2021-04-08T18:14:05
7.157,81.224,2021-04-09,25.3,9.659,100,12.5,rain,9.6,97.7,2021-04-09T05:59:28,2021-04-09T18:14:00
7.157,81.224,2021-04-10,24.9,3.614,100,25,rain,8.7,82.1,2021-04-10T05:59:00,2021-04-10T18:13:56
7.157,81.224,2021-04-11,24.7,14.159,100,29.17,rain,7.2,164.1,2021-04-11T05:58:33,2021-04-11T18:13:51
7.157,81.224,2021-04-12,24.7,15.043,100,25,rain,9.7,99,2021-04-12T05:58:06,2021-04-12T18:13:47
7.157,81.224,2021-04-13,24.8,2.294,100,12.5,rain,9.6,133.5,2021-04-13T05:57:39,2021-04-13T18:13:43
7.157,81.224,2021-04-14,24.4,19.521,100,20.83,rain,7.7,162.2,2021-04-14T05:57:13,2021-04-14T18:13:40
7.157,81.224,2021-04-15,24.2,38.149,100,16.67,rain,6.9,212.3,2021-04-15T05:56:47,2021-04-15T18:13:37
7.157,81.224,2021-04-16,24.4,12.634,100,20.83,rain,8.2,209,2021-04-16T05:56:21,2021-04-16T18:13:34
7.157,81.224,2021-04-17,25.3,0.594,100,8.33,rain,8.7,2.4,2021-04-17T05:55:56,2021-04-17T18:13:31
7.157,81.224,2021-04-18,26.3,1.8,100,29.17,rain,5,324.5,2021-04-18T05:55:32,2021-04-18T18:13:29
7.157,81.224,2021-04-19,26.2,0.476,100,4.17,rain,8,14.6,2021-04-19T05:55:07,2021-04-19T18:13:27
7.157,81.224,2021-04-20,26.6,0,0,0,,10,15.1,2021-04-20T05:54:44,2021-04-20T18:13:25
7.157,81.224,2021-04-21,25.8,0.599,100,4.17,rain,8.6,35.6,2021-04-21T05:54:21,2021-04-21T18:13:24
7.157,81.224,2021-04-22,26.2,5.935,100,12.5,rain,7.6,8.6,2021-04-22T05:53:58,2021-04-22T18:13:23
7.157,81.224,2021-04-23,26.4,0.75,100,8.33,rain,7.8,353.4,2021-04-23T05:53:36,2021-04-23T18:13:23
7.157,81.224,2021-04-24,26,1.962,100,8.33,rain,8.1,30.2,2021-04-24T05:53:14,2021-04-24T18:13:22
7.157,81.224,2021-04-25,26.3,0.1,100,4.17,rain,10.1,92.8,2021-04-25T05:52:53,2021-04-25T18:13:23
7.157,81.224,2021-04-26,26.5,0,0,0,,8,93.5,2021-04-26T05:52:33,2021-04-26T18:13:23
7.157,81.224,2021-04-27,26.6,1.387,100,8.33,rain,8.3,289.1,2021-04-27T05:52:13,2021-04-27T18:13:24
7.157,81.224,2021-04-28,26.2,12.476,100,12.5,rain,8.4,345.8,2021-04-28T05:51:53,2021-04-28T18:13:26
7.157,81.224,2021-04-29,27,3.3,100,12.5,rain,8.4,5.6,2021-04-29T05:51:35,2021-04-29T18:13:28
7.157,81.224,2021-04-30,25.7,8.864,100,8.33,rain,13.2,66.2,2021-04-30T05:51:16,2021-04-30T18:13:30
7.157,81.224,2021-05-01,25.8,1.88,100,16.67,rain,7.5,119.7,2021-05-01T05:50:59,2021-05-01T18:13:33
7.157,81.224,2021-05-02,25.4,24.65,100,25,rain,10.8,69.3,2021-05-02T05:50:42,2021-05-02T18:13:36
7.157,81.224,2021-05-03,25.1,54.144,100,29.17,rain,9.3,139.5,2021-05-03T05:50:26,2021-05-03T18:13:40
7.157,81.224,2021-05-04,24.6,4.543,100,16.67,rain,8.8,28.2,2021-05-04T05:50:10,2021-05-04T18:13:44
7.157,81.224,2021-05-05,25.2,0.05,100,4.17,rain,10.8,97.5,2021-05-05T05:49:56,2021-05-05T18:13:48
7.157,81.224,2021-05-06,25.4,5.657,100,8.33,rain,8.8,130.4,2021-05-06T05:49:41,2021-05-06T18:13:53
7.157,81.224,2021-05-07,24.7,4.096,100,20.83,rain,7.9,63.1,2021-05-07T05:49:28,2021-05-07T18:13:59
7.157,81.224,2021-05-08,25.4,2.834,100,25,rain,6.7,56.9,2021-05-08T05:49:15,2021-05-08T18:14:04
7.157,81.224,2021-05-09,25.6,5.657,100,20.83,rain,7.6,144.5,2021-05-09T05:49:03,2021-05-09T18:14:11
7.157,81.224,2021-05-10,25.4,23.124,100,20.83,rain,6.8,149.8,2021-05-10T05:48:52,2021-05-10T18:14:17
7.157,81.224,2021-05-11,26,9.438,100,16.67,rain,6.8,198.9,2021-05-11T05:48:41,2021-05-11T18:14:24
7.157,81.224,2021-05-12,26.1,6.795,100,12.5,rain,6.1,214.8,2021-05-12T05:48:31,2021-05-12T18:14:32
7.157,81.224,2021-05-13,25.6,9.466,100,20.83,rain,7.9,354.5,2021-05-13T05:48:22,2021-05-13T18:14:40
7.157,81.224,2021-05-14,25.8,12.248,100,29.17,rain,10.5,306.2,2021-05-14T05:48:13,2021-05-14T18:14:48
7.157,81.224,2021-05-15,26.1,8.992,100,12.5,rain,10.5,354.4,2021-05-15T05:48:05,2021-05-15T18:14:57
7.157,81.224,2021-05-16,26.8,0.012,100,4.17,rain,13.6,309.9,2021-05-16T05:47:58,2021-05-16T18:15:06
7.157,81.224,2021-05-17,27,2.825,100,4.17,rain,7,139.3,2021-05-17T05:47:52,2021-05-17T18:15:16
7.157,81.224,2021-05-18,26.6,1.538,100,8.33,rain,8.8,120.2,2021-05-18T05:47:46,2021-05-18T18:15:26
7.157,81.224,2021-05-19,26.2,4.702,100,12.5,rain,5.7,253.5,2021-05-19T05:47:41,2021-05-19T18:15:36
7.157,81.224,2021-05-20,26.3,1.039,100,8.33,rain,10.5,285.7,2021-05-20T05:47:37,2021-05-20T18:15:47
7.157,81.224,2021-05-21,25.4,0.761,100,20.83,rain,9.8,243.6,2021-05-21T05:47:34,2021-05-21T18:15:58
7.157,81.224,2021-05-22,26.2,1.677,100,12.5,rain,13,259.2,2021-05-22T05:47:31,2021-05-22T18:16:09
7.157,81.224,2021-05-23,26,2.336,100,20.83,rain,11.3,268.9,2021-05-23T05:47:29,2021-05-23T18:16:21
7.157,81.224,2021-05-24,26.5,8.353,100,29.17,rain,20.5,277.5,2021-05-24T05:47:28,2021-05-24T18:16:33
7.157,81.224,2021-05-25,26.4,19.488,100,29.17,rain,21.3,253,2021-05-25T05:47:27,2021-05-25T18:16:45
7.157,81.224,2021-05-26,25.6,13.703,100,33.33,rain,22.1,284.5,2021-05-26T05:47:27,2021-05-26T18:16:58
7.157,81.224,2021-05-27,26.2,5.101,100,25,rain,21.5,286.3,2021-05-27T05:47:28,2021-05-27T18:17:11
7.157,81.224,2021-05-28,26.6,0.622,100,25,rain,11.9,296.1,2021-05-28T05:47:29,2021-05-28T18:17:24
7.157,81.224,2021-05-29,26.7,0.687,100,20.83,rain,10.1,270,2021-05-29T05:47:31,2021-05-29T18:17:37
7.157,81.224,2021-05-30,26.7,0.11,100,12.5,rain,12.6,284.8,2021-05-30T05:47:34,2021-05-30T18:17:51
7.157,81.224,2021-05-31,26.8,0,0,0,,9.7,287.1,2021-05-31T05:47:37,2021-05-31T18:18:05
7.157,81.224,2021-06-01,27.1,0,0,0,,11.7,295,2021-06-01T05:47:41,2021-06-01T18:18:19
7.157,81.224,2021-06-02,27.3,0.221,100,8.33,rain,7.9,305.3,2021-06-02T05:47:46,2021-06-02T18:18:33
7.157,81.224,2021-06-03,26.8,18.375,100,25,rain,7.4,334.3,2021-06-03T05:47:51,2021-06-03T18:18:47
7.157,81.224,2021-06-04,25.7,15.928,100,33.33,rain,7,340.6,2021-06-04T05:47:57,2021-06-04T18:19:02
7.157,81.224,2021-06-05,25.3,20.601,100,33.33,rain,8.6,323.6,2021-06-05T05:48:03,2021-06-05T18:19:16
7.157,81.224,2021-06-06,25.6,4.487,100,4.17,rain,10.1,310.8,2021-06-06T05:48:10,2021-06-06T18:19:31
7.157,81.224,2021-06-07,26.1,0.033,100,4.17,rain,26.9,274.4,2021-06-07T05:48:17,2021-06-07T18:19:46
7.157,81.224,2021-06-08,25.8,7.83,100,25,rain,8.9,244.4,2021-06-08T05:48:25,2021-06-08T18:20:01
7.157,81.224,2021-06-09,26,0.855,100,20.83,rain,8.2,297.8,2021-06-09T05:48:34,2021-06-09T18:20:15
7.157,81.224,2021-06-10,26.7,0.032,100,8.33,rain,10.1,279,2021-06-10T05:48:43,2021-06-10T18:20:30
7.157,81.224,2021-06-11,26,0.016,100,4.17,rain,12.6,280.7,2021-06-11T05:48:52,2021-06-11T18:20:45
7.157,81.224,2021-06-12,26,1.391,100,12.5,rain,15.7,286.6,2021-06-12T05:49:02,2021-06-12T18:20:59
7.157,81.224,2021-06-13,27.1,7.832,100,25,rain,14.4,276.8,2021-06-13T05:49:12,2021-06-13T18:21:14
7.157,81.224,2021-06-14,25.8,10.103,100,20.83,rain,13.9,290.9,2021-06-14T05:49:23,2021-06-14T18:21:28
7.157,81.224,2021-06-15,26.5,2.127,100,4.17,rain,13.7,282.7,2021-06-15T05:49:34,2021-06-15T18:21:43
7.157,81.224,2021-06-16,26.5,0.1,100,4.17,rain,11.5,281.3,2021-06-16T05:49:45,2021-06-16T18:21:57
7.157,81.224,2021-06-17,26.5,0.012,100,4.17,rain,14.8,290.4,2021-06-17T05:49:57,2021-06-17T18:22:11
7.157,81.224,2021-06-18,26.7,0.1,100,4.17,rain,12.2,288,2021-06-18T05:50:09,2021-06-18T18:22:25
7.157,81.224,2021-06-19,26.8,0.1,100,4.17,rain,10.8,281.7,2021-06-19T05:50:21,2021-06-19T18:22:38
7.157,81.224,2021-06-20,27.1,0,0,0,,11.9,288.7,2021-06-20T05:50:34,2021-06-20T18:22:52
7.157,81.224,2021-06-21,27.4,0.1,100,4.17,rain,8.1,302.4,2021-06-21T05:50:47,2021-06-21T18:23:05
7.157,81.224,2021-06-22,26.9,7.063,100,8.33,rain,7.8,291,2021-06-22T05:51:00,2021-06-22T18:23:18
7.157,81.224,2021-06-23,26.9,10.27,100,12.5,rain,8.3,225.4,2021-06-23T05:51:13,2021-06-23T18:23:30
7.157,81.224,2021-06-24,26.9,2.442,100,20.83,rain,11.3,281.6,2021-06-24T05:51:27,2021-06-24T18:23:42
7.157,81.224,2021-06-25,27.1,0,0,0,,11.9,295.7,2021-06-25T05:51:41,2021-06-25T18:23:54
7.157,81.224,2021-06-26,26.6,0.347,100,16.67,rain,12.6,281.2,2021-06-26T05:51:54,2021-06-26T18:24:06
7.157,81.224,2021-06-27,26.4,1.008,100,20.83,rain,10.6,272.7,2021-06-27T05:52:08,2021-06-27T18:24:16
7.157,81.224,2021-06-28,27.1,0.014,100,4.17,rain,7.4,351.8,2021-06-28T05:52:22,2021-06-28T18:24:27
7.157,81.224,2021-06-29,26.9,0.158,100,4.17,rain,8.4,204.3,2021-06-29T05:52:36,2021-06-29T18:24:37
7.157,81.224,2021-06-30,27,1.329,100,16.67,rain,8,268.7,2021-06-30T05:52:50,2021-06-30T18:24:47
